MAGeCl_3,Pure,5.703838092,-0.219881032,3.022,0.024504372,0,0,0,1,0,0,0,0,1,0,0,3,0,0,2.17,267,180.65,0.7,32.066,8.684,926.3,6.13,23.85,2.55,73,7,0.87,3107,1211.5,5.32,72.61,120,762.1,31.8,334.3,2.01,32,4,1.81,239.18,172.17,3.214,35.453,348.8,1251.1,3.21,10.2,3.16,17,3
MAGeBr_3,Pure,6.117477068,-0.327237983,3.3229,0.012061714,0,0,0,1,0,0,0,0,1,0,0,0,3,0,2.17,267,180.65,0.7,32.066,8.684,926.3,6.13,23.85,2.55,73,7,0.87,3107,1211.5,5.32,72.61,120,762.1,31.8,334.3,2.01,32,4,1.96,331.85,265.95,3.12,79.904,324.6,1139.9,5.286,14.725,2.96,35,4
MAGeI_3,Pure,6.45717812,0.330076007,2.5573,0.062298699,0,0,0,1,0,0,0,0,1,0,0,0,0,3,2.17,267,180.65,0.7,32.066,8.684,926.3,6.13,23.85,2.55,73,7,0.87,3107,1211.5,5.32,72.61,120,762.1,31.8,334.3,2.01,32,4,2.2,457.5,386.7,4.93,126.904,295.3,1008.4,7.76,20.9,2.66,53,5
MASnCl_3,Pure,5.86278884,-0.227845088,3.1821,0.012314644,0,0,0,1,0,0,0,0,0,1,0,3,0,0,2.17,267,180.65,0.7,32.066,8.684,926.3,6.13,23.85,2.55,73,7,1.15,2876,505.12,7.31,118.71,121,708.6,7.2,290.37,1.96,50,5,1.81,239.18,172.17,3.214,35.453,348.8,1251.1,3.21,10.2,3.16,17,3
MASnBr_3,Pure,6.249297846,-0.178103315,3.5319,0.004386275,0,0,0,1,0,0,0,0,0,1,0,0,3,0,2.17,267,180.65,0.7,32.066,8.684,926.3,6.13,23.85,2.55,73,7,1.15,2876,505.12,7.31,118.71,121,708.6,7.2,290.37,1.96,50,5,1.96,331.85,265.95,3.12,79.904,324.6,1139.9,5.286,14.725,2.96,35,4
MASnI_3,Pure,6.594056948,0.345451403,2.5741,0.051555463,0,0,0,1,0,0,0,0,0,1,0,0,0,3,2.17,267,180.65,0.7,32.066,8.684,926.3,6.13,23.85,2.55,73,7,1.15,2876,505.12,7.31,118.71,121,708.6,7.2,290.37,1.96,50,5,2.2,457.5,386.7,4.93,126.904,295.3,1008.4,7.76,20.9,2.66,53,5
MAPbI_3,Pure,6.473050585,0.526827645,2.6353,0.086840062,0,0,0,1,0,0,0,0,0,0,1,0,0,3,2.17,267,180.65,0.7,32.066,8.684,926.3,6.13,23.85,2.55,73,7,1.19,2023,600.65,11.35,207.2,110,715.5,4.77,177.9,2.33,82,6,2.2,457.5,386.7,4.93,126.904,295.3,1008.4,7.76,20.9,2.66,53,5
MAPbBr_3,Pure,6.142450228,-0.148424893,3.4084,0.006302049,0,0,0,1,0,0,0,0,0,0,1,0,3,0,2.17,267,180.65,0.7,32.066,8.684,926.3,6.13,23.85,2.55,73,7,1.19,2023,600.65,11.35,207.2,110,715.5,4.77,177.9,2.33,82,6,1.96,331.85,265.95,3.12,79.904,324.6,1139.9,5.286,14.725,2.96,35,4
MAPbCl_3,Pure,5.774902509,-0.12878811,3.8377,0.003289531,0,0,0,1,0,0,0,0,0,0,1,3,0,0,2.17,267,180.65,0.7,32.066,8.684,926.3,6.13,23.85,2.55,73,7,1.19,2023,600.65,11.35,207.2,110,715.5,4.77,177.9,2.33,82,6,1.81,239.18,172.17,3.214,35.453,348.8,1251.1,3.21,10.2,3.16,17,3
CsGeCl_3,Pure,5.39088886,1.564623339,1.8986,0.105976094,0,0,1,0,0,0,0,0,1,0,0,3,0,0,1.74,944,301.54,1.87,132.905,45.49,375.7,2.092,67.74,0.79,55,6,0.87,3107,1211.5,5.32,72.61,120,762.1,31.8,334.3,2.01,32,4,1.81,239.18,172.17,3.214,35.453,348.8,1251.1,3.21,10.2,3.16,17,3
CsGeBr_3,Pure,5.67475471,-0.212796094,1.5158,0.132282849,0,0,1,0,0,0,0,0,1,0,0,0,3,0,1.74,944,301.54,1.87,132.905,45.49,375.7,2.092,67.74,0.79,55,6,0.87,3107,1211.5,5.32,72.61,120,762.1,31.8,334.3,2.01,32,4,1.96,331.85,265.95,3.12,79.904,324.6,1139.9,5.286,14.725,2.96,35,4
CsGeI_3,Pure,6.10040585,0.050206399,1.304,0.158539416,0,0,1,0,0,0,0,0,1,0,0,0,0,3,1.74,944,301.54,1.87,132.905,45.49,375.7,2.092,67.74,0.79,55,6,0.87,3107,1211.5,5.32,72.61,120,762.1,31.8,334.3,2.01,32,4,2.2,457.5,386.7,4.93,126.904,295.3,1008.4,7.76,20.9,2.66,53,5
CsSnCl_3,Pure,5.676825162,1.485206511,1.8043,0.109648868,0,0,1,0,0,0,0,0,0,1,0,3,0,0,1.74,944,301.54,1.87,132.905,45.49,375.7,2.092,67.74,0.79,55,6,1.15,2876,505.12,7.31,118.71,121,708.6,7.2,290.37,1.96,50,5,1.81,239.18,172.17,3.214,35.453,348.8,1251.1,3.21,10.2,3.16,17,3
CsSnBr_3,Pure,5.956068845,-0.206158591,1.3894,0.126780287,0,0,1,0,0,0,0,0,0,1,0,0,3,0,1.74,944,301.54,1.87,132.905,45.49,375.7,2.092,67.74,0.79,55,6,1.15,2876,505.12,7.31,118.71,121,708.6,7.2,290.37,1.96,50,5,1.96,331.85,265.95,3.12,79.904,324.6,1139.9,5.286,14.725,2.96,35,4
CsSnI_3,Pure,6.386300887,-0.083206773,1.1556,0.153937907,0,0,1,0,0,0,0,0,0,1,0,0,0,3,1.74,944,301.54,1.87,132.905,45.49,375.7,2.092,67.74,0.79,55,6,1.15,2876,505.12,7.31,118.71,121,708.6,7.2,290.37,1.96,50,5,2.2,457.5,386.7,4.93,126.904,295.3,1008.4,7.76,20.9,2.66,53,5
CsPbCl_3,Pure,5.761423975,1.525510223,3.0773,0.020044468,0,0,1,0,0,0,0,0,0,0,1,3,0,0,1.74,944,301.54,1.87,132.905,45.49,375.7,2.092,67.74,0.79,55,6,1.19,2023,600.65,11.35,207.2,110,715.5,4.77,177.9,2.33,82,6,1.81,239.18,172.17,3.214,35.453,348.8,1251.1,3.21,10.2,3.16,17,3
CsPbBr_3,Pure,6.04101583,-0.171878799,2.5758,0.057182569,0,0,1,0,0,0,0,0,0,0,1,0,3,0,1.74,944,301.54,1.87,132.905,45.49,375.7,2.092,67.74,0.79,55,6,1.19,2023,600.65,11.35,207.2,110,715.5,4.77,177.9,2.33,82,6,1.96,331.85,265.95,3.12,79.904,324.6,1139.9,5.286,14.725,2.96,35,4
CsPbI_3,Pure,6.451980463,0.07465718,2.1633,0.111905893,0,0,1,0,0,0,0,0,0,0,1,0,0,3,1.74,944,301.54,1.87,132.905,45.49,375.7,2.092,67.74,0.79,55,6,1.19,2023,600.65,11.35,207.2,110,715.5,4.77,177.9,2.33,82,6,2.2,457.5,386.7,4.93,126.904,295.3,1008.4,7.76,20.9,2.66,53,5
FAGeCl_3,Pure,5.816829262,-1.340857091,4.4396,0.001604115,0,0,0,0,1,0,0,0,1,0,0,3,0,0,2.53,319,354,1.1,45.057,8.6,849.1,6.5,29,2.57,91,8,0.87,3107,1211.5,5.32,72.61,120,762.1,31.8,334.3,2.01,32,4,1.81,239.18,172.17,3.214,35.453,348.8,1251.1,3.21,10.2,3.16,17,3
FAGeBr_3,Pure,6.238160418,-1.04469733,3.8044,0.003716208,0,0,0,0,1,0,0,0,1,0,0,0,3,0,2.53,319,354,1.1,45.057,8.6,849.1,6.5,29,2.57,91,8,0.87,3107,1211.5,5.32,72.61,120,762.1,31.8,334.3,2.01,32,4,1.96,331.85,265.95,3.12,79.904,324.6,1139.9,5.286,14.725,2.96,35,4
FAGeI_3,Pure,6.582414943,-0.612927109,2.8609,0.033364556,0,0,0,0,1,0,0,0,1,0,0,0,0,3,2.53,319,354,1.1,45.057,8.6,849.1,6.5,29,2.57,91,8,0.87,3107,1211.5,5.32,72.61,120,762.1,31.8,334.3,2.01,32,4,2.2,457.5,386.7,4.93,126.904,295.3,1008.4,7.76,20.9,2.66,53,5
FASnCl_3,Pure,5.924281702,-1.302571288,3.6741,0.004860999,0,0,0,0,1,0,0,0,0,1,0,3,0,0,2.53,319,354,1.1,45.057,8.6,849.1,6.5,29,2.57,91,8,1.15,2876,505.12,7.31,118.71,121,708.6,7.2,290.37,1.96,50,5,1.81,239.18,172.17,3.214,35.453,348.8,1251.1,3.21,10.2,3.16,17,3
FASnBr_3,Pure,6.270604999,-1.006216835,3.4442,0.006729868,0,0,0,0,1,0,0,0,0,1,0,0,3,0,2.53,319,354,1.1,45.057,8.6,849.1,6.5,29,2.57,91,8,1.15,2876,505.12,7.31,118.71,121,708.6,7.2,290.37,1.96,50,5,1.96,331.85,265.95,3.12,79.904,324.6,1139.9,5.286,14.725,2.96,35,4
FASnI_3,Pure,6.682222407,-0.71670907,2.8648,0.02999286,0,0,0,0,1,0,0,0,0,1,0,0,0,3,2.53,319,354,1.1,45.057,8.6,849.1,6.5,29,2.57,91,8,1.15,2876,505.12,7.31,118.71,121,708.6,7.2,290.37,1.96,50,5,2.2,457.5,386.7,4.93,126.904,295.3,1008.4,7.76,20.9,2.66,53,5
FAPbCl_3,Pure,5.919242409,-1.081037735,4.0745,0.002221859,0,0,0,0,1,0,0,0,0,0,1,3,0,0,2.53,319,354,1.1,45.057,8.6,849.1,6.5,29,2.57,91,8,1.19,2023,600.65,11.35,207.2,110,715.5,4.77,177.9,2.33,82,6,1.81,239.18,172.17,3.214,35.453,348.8,1251.1,3.21,10.2,3.16,17,3
FAPbBr_3,Pure,6.200787351,-0.894614034,3.5353,0.007579057,0,0,0,0,1,0,0,0,0,0,1,0,3,0,2.53,319,354,1.1,45.057,8.6,849.1,6.5,29,2.57,91,8,1.19,2023,600.65,11.35,207.2,110,715.5,4.77,177.9,2.33,82,6,1.96,331.85,265.95,3.12,79.904,324.6,1139.9,5.286,14.725,2.96,35,4
FAPbI_3,Pure,6.585397777,-0.408506504,2.8146,0.053388568,0,0,0,0,1,0,0,0,0,0,1,0,0,3,2.53,319,354,1.1,45.057,8.6,849.1,6.5,29,2.57,91,8,1.19,2023,600.65,11.35,207.2,110,715.5,4.77,177.9,2.33,82,6,2.2,457.5,386.7,4.93,126.904,295.3,1008.4,7.76,20.9,2.66,53,5
FABaI_3,Pure,6.806524121,-0.400944595,4.6181,0.001192493,0,0,0,0,1,0,0,1,0,0,0,0,0,3,2.53,319,354,1.1,45.057,8.6,849.1,6.5,29,2.57,91,8,1.42,2078,1002,3.59,137.33,-52,502.9,8.01,140.2,0.89,56,6,2.2,457.5,386.7,4.93,126.904,295.3,1008.4,7.76,20.9,2.66,53,5
FABaBr_3,Pure,6.377562399,-0.679879032,5.5419,0.00059455,0,0,0,0,1,0,0,1,0,0,0,0,3,0,2.53,319,354,1.1,45.057,8.6,849.1,6.5,29,2.57,91,8,1.42,2078,1002,3.59,137.33,-52,502.9,8.01,140.2,0.89,56,6,1.96,331.85,265.95,3.12,79.904,324.6,1139.9,5.286,14.725,2.96,35,4
FABaCl_3,Pure,6.092677679,-0.743137231,6.2145,0.000344614,0,0,0,0,1,0,0,1,0,0,0,3,0,0,2.53,319,354,1.1,45.057,8.6,849.1,6.5,29,2.57,91,8,1.42,2078,1002,3.59,137.33,-52,502.9,8.01,140.2,0.89,56,6,1.81,239.18,172.17,3.214,35.453,348.8,1251.1,3.21,10.2,3.16,17,3
FASrI_3,Pure,6.552353856,-0.509640461,4.6831,0.00124618,0,0,0,0,1,0,1,0,0,0,0,0,0,3,2.53,319,354,1.1,45.057,8.6,849.1,6.5,29,2.57,91,8,1.26,1655,1042,2.54,87.62,-168,549.5,8.2,136.9,0.95,38,5,2.2,457.5,386.7,4.93,126.904,295.3,1008.4,7.76,20.9,2.66,53,5
FASrBr_3,Pure,6.101794347,-0.836285859,5.6848,0.000586738,0,0,0,0,1,0,1,0,0,0,0,0,3,0,2.53,319,354,1.1,45.057,8.6,849.1,6.5,29,2.57,91,8,1.26,1655,1042,2.54,87.62,-168,549.5,8.2,136.9,0.95,38,5,1.96,331.85,265.95,3.12,79.904,324.6,1139.9,5.286,14.725,2.96,35,4
FASrCl_3,Pure,5.819218883,-0.937147739,6.3576,0.000344216,0,0,0,0,1,0,1,0,0,0,0,3,0,0,2.53,319,354,1.1,45.057,8.6,849.1,6.5,29,2.57,91,8,1.26,1655,1042,2.54,87.62,-168,549.5,8.2,136.9,0.95,38,5,1.81,239.18,172.17,3.214,35.453,348.8,1251.1,3.21,10.2,3.16,17,3
FACaI_3,Pure,6.372328354,-0.367538881,4.6776,0.001780276,0,0,0,0,1,1,0,0,0,0,0,0,0,3,2.53,319,354,1.1,45.057,8.6,849.1,6.5,29,2.57,91,8,1,1757,1112,1.55,40.078,-156,589.8,8.53,154.67,1,20,4,2.2,457.5,386.7,4.93,126.904,295.3,1008.4,7.76,20.9,2.66,53,5
FACaBr_3,Pure,5.90328064,-0.815811029,5.6379,0.000796172,0,0,0,0,1,1,0,0,0,0,0,0,3,0,2.53,319,354,1.1,45.057,8.6,849.1,6.5,29,2.57,91,8,1,1757,1112,1.55,40.078,-156,589.8,8.53,154.67,1,20,4,1.96,331.85,265.95,3.12,79.904,324.6,1139.9,5.286,14.725,2.96,35,4
FACaCl_3,Pure,5.623396338,-0.911318795,6.3598,0.000397595,0,0,0,0,1,1,0,0,0,0,0,3,0,0,2.53,319,354,1.1,45.057,8.6,849.1,6.5,29,2.57,91,8,1,1757,1112,1.55,40.078,-156,589.8,8.53,154.67,1,20,4,1.81,239.18,172.17,3.214,35.453,348.8,1251.1,3.21,10.2,3.16,17,3
MABaI_3,Pure,6.810377003,0.520402555,4.7868,0.001884333,0,0,0,1,0,0,0,1,0,0,0,0,0,3,2.17,267,180.65,0.7,32.066,8.684,926.3,6.13,23.85,2.55,73,7,1.42,2078,1002,3.59,137.33,-52,502.9,8.01,140.2,0.89,56,6,2.2,457.5,386.7,4.93,126.904,295.3,1008.4,7.76,20.9,2.66,53,5
MABaBr_3,Pure,6.354718938,0.151161979,5.4282,0.000869601,0,0,0,1,0,0,0,1,0,0,0,0,3,0,2.17,267,180.65,0.7,32.066,8.684,926.3,6.13,23.85,2.55,73,7,1.42,2078,1002,3.59,137.33,-52,502.9,8.01,140.2,0.89,56,6,1.96,331.85,265.95,3.12,79.904,324.6,1139.9,5.286,14.725,2.96,35,4
MABaCl_3,Pure,5.991667955,0.240376926,6.2991,0.000444971,0,0,0,1,0,0,0,1,0,0,0,3,0,0,2.17,267,180.65,0.7,32.066,8.684,926.3,6.13,23.85,2.55,73,7,1.42,2078,1002,3.59,137.33,-52,502.9,8.01,140.2,0.89,56,6,1.81,239.18,172.17,3.214,35.453,348.8,1251.1,3.21,10.2,3.16,17,3
MASrI_3,Pure,6.547047972,4.007629233,3.4646,0.009696643,0,0,0,1,0,0,1,0,0,0,0,0,0,3,2.17,267,180.65,0.7,32.066,8.684,926.3,6.13,23.85,2.55,73,7,1.26,1655,1042,2.54,87.62,-168,549.5,8.2,136.9,0.95,38,5,2.2,457.5,386.7,4.93,126.904,295.3,1008.4,7.76,20.9,2.66,53,5
MASrBr_3,Pure,6.092596981,-0.042048451,5.5491,0.000779526,0,0,0,1,0,0,1,0,0,0,0,0,3,0,2.17,267,180.65,0.7,32.066,8.684,926.3,6.13,23.85,2.55,73,7,1.26,1655,1042,2.54,87.62,-168,549.5,8.2,136.9,0.95,38,5,1.96,331.85,265.95,3.12,79.904,324.6,1139.9,5.286,14.725,2.96,35,4
MASrCl_3,Pure,5.760207849,-0.02598711,6.5005,0.000417902,0,0,0,1,0,0,1,0,0,0,0,3,0,0,2.17,267,180.65,0.7,32.066,8.684,926.3,6.13,23.85,2.55,73,7,1.26,1655,1042,2.54,87.62,-168,549.5,8.2,136.9,0.95,38,5,1.81,239.18,172.17,3.214,35.453,348.8,1251.1,3.21,10.2,3.16,17,3
MACaI_3,Pure,6.284420432,0.461716871,4.7801,0.00174808,0,0,0,1,0,1,0,0,0,0,0,0,0,3,2.17,267,180.65,0.7,32.066,8.684,926.3,6.13,23.85,2.55,73,7,1,1757,1112,1.55,40.078,-156,589.8,8.53,154.67,1,20,4,2.2,457.5,386.7,4.93,126.904,295.3,1008.4,7.76,20.9,2.66,53,5
MACaBr_3,Pure,5.862749504,-0.0838635,5.64,0.000860027,0,0,0,1,0,1,0,0,0,0,0,0,3,0,2.17,267,180.65,0.7,32.066,8.684,926.3,6.13,23.85,2.55,73,7,1,1757,1112,1.55,40.078,-156,589.8,8.53,154.67,1,20,4,1.96,331.85,265.95,3.12,79.904,324.6,1139.9,5.286,14.725,2.96,35,4
MACaCl_3,Pure,5.551304338,-0.106813076,6.6855,0.000434562,0,0,0,1,0,1,0,0,0,0,0,3,0,0,2.17,267,180.65,0.7,32.066,8.684,926.3,6.13,23.85,2.55,73,7,1,1757,1112,1.55,40.078,-156,589.8,8.53,154.67,1,20,4,1.81,239.18,172.17,3.214,35.453,348.8,1251.1,3.21,10.2,3.16,17,3
CsBaI_3,Pure,6.805612787,0.315964273,4.4475,0.002259818,0,0,1,0,0,0,0,1,0,0,0,0,0,3,1.74,944,301.54,1.87,132.905,45.49,375.7,2.092,67.74,0.79,55,6,1.42,2078,1002,3.59,137.33,-52,502.9,8.01,140.2,0.89,56,6,2.2,457.5,386.7,4.93,126.904,295.3,1008.4,7.76,20.9,2.66,53,5
CsBaBr_3,Pure,6.353729567,0.322939268,5.1203,0.001016427,0,0,1,0,0,0,0,1,0,0,0,0,3,0,1.74,944,301.54,1.87,132.905,45.49,375.7,2.092,67.74,0.79,55,6,1.42,2078,1002,3.59,137.33,-52,502.9,8.01,140.2,0.89,56,6,1.96,331.85,265.95,3.12,79.904,324.6,1139.9,5.286,14.725,2.96,35,4
CsBaCl_3,Pure,6.03957796,2.12241371,5.9307,0.000554984,0,0,1,0,0,0,0,1,0,0,0,3,0,0,1.74,944,301.54,1.87,132.905,45.49,375.7,2.092,67.74,0.79,55,6,1.42,2078,1002,3.59,137.33,-52,502.9,8.01,140.2,0.89,56,6,1.81,239.18,172.17,3.214,35.453,348.8,1251.1,3.21,10.2,3.16,17,3
CsSrI_3,Pure,6.476212025,0.044156058,4.5845,0.002078339,0,0,1,0,0,0,1,0,0,0,0,0,0,3,1.74,944,301.54,1.87,132.905,45.49,375.7,2.092,67.74,0.79,55,6,1.26,1655,1042,2.54,87.62,-168,549.5,8.2,136.9,0.95,38,5,2.2,457.5,386.7,4.93,126.904,295.3,1008.4,7.76,20.9,2.66,53,5
CsSrBr_3,Pure,6.017870267,-0.039082118,5.3194,0.000931633,0,0,1,0,0,0,1,0,0,0,0,0,3,0,1.74,944,301.54,1.87,132.905,45.49,375.7,2.092,67.74,0.79,55,6,1.26,1655,1042,2.54,87.62,-168,549.5,8.2,136.9,0.95,38,5,1.96,331.85,265.95,3.12,79.904,324.6,1139.9,5.286,14.725,2.96,35,4
CsSrCl_3,Pure,5.733922638,1.683393011,6.2377,0.000501997,0,0,1,0,0,0,1,0,0,0,0,3,0,0,1.74,944,301.54,1.87,132.905,45.49,375.7,2.092,67.74,0.79,55,6,1.26,1655,1042,2.54,87.62,-168,549.5,8.2,136.9,0.95,38,5,1.81,239.18,172.17,3.214,35.453,348.8,1251.1,3.21,10.2,3.16,17,3
CsCaI_3,Pure,6.218288897,0.018166227,4.7383,0.002274237,0,0,1,0,0,1,0,0,0,0,0,0,0,3,1.74,944,301.54,1.87,132.905,45.49,375.7,2.092,67.74,0.79,55,6,1,1757,1112,1.55,40.078,-156,589.8,8.53,154.67,1,20,4,2.2,457.5,386.7,4.93,126.904,295.3,1008.4,7.76,20.9,2.66,53,5
CsCaBr_3,Pure,5.759409905,-0.238314472,5.5737,0.001011738,0,0,1,0,0,1,0,0,0,0,0,0,3,0,1.74,944,301.54,1.87,132.905,45.49,375.7,2.092,67.74,0.79,55,6,1,1757,1112,1.55,40.078,-156,589.8,8.53,154.67,1,20,4,1.96,331.85,265.95,3.12,79.904,324.6,1139.9,5.286,14.725,2.96,35,4
CsCaCl_3,Pure,5.451228143,1.421136986,6.6944,0.00052713,0,0,1,0,0,1,0,0,0,0,0,3,0,0,1.74,944,301.54,1.87,132.905,45.49,375.7,2.092,67.74,0.79,55,6,1,1757,1112,1.55,40.078,-156,589.8,8.53,154.67,1,20,4,1.81,239.18,172.17,3.214,35.453,348.8,1251.1,3.21,10.2,3.16,17,3
RbBaI_3,Pure,6.777085768,2.785028359,4.1846,0.002326519,0,1,0,0,0,0,0,1,0,0,0,0,0,3,1.61,961,312.63,1.532,85.468,46.89,403,2.34,69.2,0.82,37,5,1.42,2078,1002,3.59,137.33,-52,502.9,8.01,140.2,0.89,56,6,2.2,457.5,386.7,4.93,126.904,295.3,1008.4,7.76,20.9,2.66,53,5
RbBaBr_3,Pure,6.319076698,0.590269484,4.8505,0.001041974,0,1,0,0,0,0,0,1,0,0,0,0,3,0,1.61,961,312.63,1.532,85.468,46.89,403,2.34,69.2,0.82,37,5,1.42,2078,1002,3.59,137.33,-52,502.9,8.01,140.2,0.89,56,6,1.96,331.85,265.95,3.12,79.904,324.6,1139.9,5.286,14.725,2.96,35,4
RbBaCl_3,Pure,6.022957642,0.675000136,5.6027,0.000556617,0,1,0,0,0,0,0,1,0,0,0,3,0,0,1.61,961,312.63,1.532,85.468,46.89,403,2.34,69.2,0.82,37,5,1.42,2078,1002,3.59,137.33,-52,502.9,8.01,140.2,0.89,56,6,1.81,239.18,172.17,3.214,35.453,348.8,1251.1,3.21,10.2,3.16,17,3
RbSrI_3,Pure,6.436100642,2.492215405,4.3016,0.00216182,0,1,0,0,0,0,1,0,0,0,0,0,0,3,1.61,961,312.63,1.532,85.468,46.89,403,2.34,69.2,0.82,37,5,1.26,1655,1042,2.54,87.62,-168,549.5,8.2,136.9,0.95,38,5,2.2,457.5,386.7,4.93,126.904,295.3,1008.4,7.76,20.9,2.66,53,5
RbSrBr_3,Pure,5.996477447,0.201405618,5.0275,0.000957715,0,1,0,0,0,0,1,0,0,0,0,0,3,0,1.61,961,312.63,1.532,85.468,46.89,403,2.34,69.2,0.82,37,5,1.26,1655,1042,2.54,87.62,-168,549.5,8.2,136.9,0.95,38,5,1.96,331.85,265.95,3.12,79.904,324.6,1139.9,5.286,14.725,2.96,35,4
RbSrCl_3,Pure,5.709317207,0.1965865,5.8987,0.000501932,0,1,0,0,0,0,1,0,0,0,0,3,0,0,1.61,961,312.63,1.532,85.468,46.89,403,2.34,69.2,0.82,37,5,1.26,1655,1042,2.54,87.62,-168,549.5,8.2,136.9,0.95,38,5,1.81,239.18,172.17,3.214,35.453,348.8,1251.1,3.21,10.2,3.16,17,3
RbCaI_3,Pure,6.188850245,2.445112703,4.4137,0.002492625,0,1,0,0,0,1,0,0,0,0,0,0,0,3,1.61,961,312.63,1.532,85.468,46.89,403,2.34,69.2,0.82,37,5,1,1757,1112,1.55,40.078,-156,589.8,8.53,154.67,1,20,4,2.2,457.5,386.7,4.93,126.904,295.3,1008.4,7.76,20.9,2.66,53,5
RbCaBr_3,Pure,5.720572312,-0.041262154,5.2453,0.001030366,0,1,0,0,0,1,0,0,0,0,0,0,3,0,1.61,961,312.63,1.532,85.468,46.89,403,2.34,69.2,0.82,37,5,1,1757,1112,1.55,40.078,-156,589.8,8.53,154.67,1,20,4,1.96,331.85,265.95,3.12,79.904,324.6,1139.9,5.286,14.725,2.96,35,4
RbCaCl_3,Pure,5.428961118,-0.123426615,6.2632,0.000524297,0,1,0,0,0,1,0,0,0,0,0,3,0,0,1.61,961,312.63,1.532,85.468,46.89,403,2.34,69.2,0.82,37,5,1,1757,1112,1.55,40.078,-156,589.8,8.53,154.67,1,20,4,1.81,239.18,172.17,3.214,35.453,348.8,1251.1,3.21,10.2,3.16,17,3
RbGeI_3,Pure,6.07688323,2.44542076,1.2609,0.158674384,0,1,0,0,0,0,0,0,1,0,0,0,0,3,1.61,961,312.63,1.532,85.468,46.89,403,2.34,69.2,0.82,37,5,0.87,3107,1211.5,5.32,72.61,120,762.1,31.8,334.3,2.01,32,4,2.2,457.5,386.7,4.93,126.904,295.3,1008.4,7.76,20.9,2.66,53,5
RbGeBr_3,Pure,5.658098797,-0.037749171,1.4825,0.131737008,0,1,0,0,0,0,0,0,1,0,0,0,3,0,1.61,961,312.63,1.532,85.468,46.89,403,2.34,69.2,0.82,37,5,0.87,3107,1211.5,5.32,72.61,120,762.1,31.8,334.3,2.01,32,4,1.96,331.85,265.95,3.12,79.904,324.6,1139.9,5.286,14.725,2.96,35,4
RbGeCl_3,Pure,5.351525047,-0.021011485,1.8034,0.116059718,0,1,0,0,0,0,0,0,1,0,0,3,0,0,1.61,961,312.63,1.532,85.468,46.89,403,2.34,69.2,0.82,37,5,0.87,3107,1211.5,5.32,72.61,120,762.1,31.8,334.3,2.01,32,4,1.81,239.18,172.17,3.214,35.453,348.8,1251.1,3.21,10.2,3.16,17,3
RbSnI_3,Pure,6.370899945,2.354664393,1.1268,0.153350015,0,1,0,0,0,0,0,0,0,1,0,0,0,3,1.61,961,312.63,1.532,85.468,46.89,403,2.34,69.2,0.82,37,5,1.15,2876,505.12,7.31,118.71,121,708.6,7.2,290.37,1.96,50,5,2.2,457.5,386.7,4.93,126.904,295.3,1008.4,7.76,20.9,2.66,53,5
RbSnBr_3,Pure,5.953370667,0.030842566,1.3956,0.123640107,0,1,0,0,0,0,0,0,0,1,0,0,3,0,1.61,961,312.63,1.532,85.468,46.89,403,2.34,69.2,0.82,37,5,1.15,2876,505.12,7.31,118.71,121,708.6,7.2,290.37,1.96,50,5,1.96,331.85,265.95,3.12,79.904,324.6,1139.9,5.286,14.725,2.96,35,4
RbSnCl_3,Pure,5.648639682,-0.020751556,1.7494,0.114357438,0,1,0,0,0,0,0,0,0,1,0,3,0,0,1.61,961,312.63,1.532,85.468,46.89,403,2.34,69.2,0.82,37,5,1.15,2876,505.12,7.31,118.71,121,708.6,7.2,290.37,1.96,50,5,1.81,239.18,172.17,3.214,35.453,348.8,1251.1,3.21,10.2,3.16,17,3
RbPbI_3,Pure,6.43721919,2.518843263,2.1466,0.114044182,0,1,0,0,0,0,0,0,0,0,1,0,0,3,1.61,961,312.63,1.532,85.468,46.89,403,2.34,69.2,0.82,37,5,1.19,2023,600.65,11.35,207.2,110,715.5,4.77,177.9,2.33,82,6,2.2,457.5,386.7,4.93,126.904,295.3,1008.4,7.76,20.9,2.66,53,5
RbPbBr_3,Pure,6.023106852,0.065875988,2.5591,0.060017742,0,1,0,0,0,0,0,0,0,0,1,0,3,0,1.61,961,312.63,1.532,85.468,46.89,403,2.34,69.2,0.82,37,5,1.19,2023,600.65,11.35,207.2,110,715.5,4.77,177.9,2.33,82,6,1.96,331.85,265.95,3.12,79.904,324.6,1139.9,5.286,14.725,2.96,35,4
RbPbCl_3,Pure,5.739673063,0.039336993,3.0623,0.022174164,0,1,0,0,0,0,0,0,0,0,1,3,0,0,1.61,961,312.63,1.532,85.468,46.89,403,2.34,69.2,0.82,37,5,1.19,2023,600.65,11.35,207.2,110,715.5,4.77,177.9,2.33,82,6,1.81,239.18,172.17,3.214,35.453,348.8,1251.1,3.21,10.2,3.16,17,3
KBaI_3,Pure,6.769870212,3.26186567,4.0354,0.002451889,1,0,0,0,0,0,0,1,0,0,0,0,0,3,1.51,1033,336.8,0.86,39.098,48.36,418.8,2.33,76.9,0.82,19,4,1.42,2078,1002,3.59,137.33,-52,502.9,8.01,140.2,0.89,56,6,2.2,457.5,386.7,4.93,126.904,295.3,1008.4,7.76,20.9,2.66,53,5
KBaBr_3,Pure,6.310437202,0.844108915,4.6964,0.001095589,1,0,0,0,0,0,0,1,0,0,0,0,3,0,1.51,1033,336.8,0.86,39.098,48.36,418.8,2.33,76.9,0.82,19,4,1.42,2078,1002,3.59,137.33,-52,502.9,8.01,140.2,0.89,56,6,1.96,331.85,265.95,3.12,79.904,324.6,1139.9,5.286,14.725,2.96,35,4
KBaCl_3,Pure,6.013761043,3.434474003,5.4279,0.000580835,1,0,0,0,0,0,0,1,0,0,0,3,0,0,1.51,1033,336.8,0.86,39.098,48.36,418.8,2.33,76.9,0.82,19,4,1.42,2078,1002,3.59,137.33,-52,502.9,8.01,140.2,0.89,56,6,1.81,239.18,172.17,3.214,35.453,348.8,1251.1,3.21,10.2,3.16,17,3
KSrI_3,Pure,6.427179815,2.957382896,4.1325,0.002285209,1,0,0,0,0,0,1,0,0,0,0,0,0,3,1.51,1033,336.8,0.86,39.098,48.36,418.8,2.33,76.9,0.82,19,4,1.26,1655,1042,2.54,87.62,-168,549.5,8.2,136.9,0.95,38,5,2.2,457.5,386.7,4.93,126.904,295.3,1008.4,7.76,20.9,2.66,53,5
KSrBr_3,Pure,5.996477447,0.440029392,4.8503,0.001009454,1,0,0,0,0,0,1,0,0,0,0,0,3,0,1.51,1033,336.8,0.86,39.098,48.36,418.8,2.33,76.9,0.82,19,4,1.26,1655,1042,2.54,87.62,-168,549.5,8.2,136.9,0.95,38,5,1.96,331.85,265.95,3.12,79.904,324.6,1139.9,5.286,14.725,2.96,35,4
KSrCl_3,Pure,5.683185035,2.931664724,5.7192,0.000510987,1,0,0,0,0,0,1,0,0,0,0,3,0,0,1.51,1033,336.8,0.86,39.098,48.36,418.8,2.33,76.9,0.82,19,4,1.26,1655,1042,2.54,87.62,-168,549.5,8.2,136.9,0.95,38,5,1.81,239.18,172.17,3.214,35.453,348.8,1251.1,3.21,10.2,3.16,17,3
KCaI_3,Pure,6.16874981,2.893915573,4.2203,0.00261338,1,0,0,0,0,1,0,0,0,0,0,0,0,3,1.51,1033,336.8,0.86,39.098,48.36,418.8,2.33,76.9,0.82,19,4,1,1757,1112,1.55,40.078,-156,589.8,8.53,154.67,1,20,4,2.2,457.5,386.7,4.93,126.904,295.3,1008.4,7.76,20.9,2.66,53,5
KCaBr_3,Pure,5.695410092,0.170629308,5.059,0.001076979,1,0,0,0,0,1,0,0,0,0,0,0,3,0,1.51,1033,336.8,0.86,39.098,48.36,418.8,2.33,76.9,0.82,19,4,1,1757,1112,1.55,40.078,-156,589.8,8.53,154.67,1,20,4,1.96,331.85,265.95,3.12,79.904,324.6,1139.9,5.286,14.725,2.96,35,4
KCaCl_3,Pure,5.404892287,2.580816236,6.0467,0.000544663,1,0,0,0,0,1,0,0,0,0,0,3,0,0,1.51,1033,336.8,0.86,39.098,48.36,418.8,2.33,76.9,0.82,19,4,1,1757,1112,1.55,40.078,-156,589.8,8.53,154.67,1,20,4,1.81,239.18,172.17,3.214,35.453,348.8,1251.1,3.21,10.2,3.16,17,3
KGeI_3,Pure,6.061679212,2.873338711,1.2328,0.159980988,1,0,0,0,0,0,0,0,1,0,0,0,0,3,1.51,1033,336.8,0.86,39.098,48.36,418.8,2.33,76.9,0.82,19,4,0.87,3107,1211.5,5.32,72.61,120,762.1,31.8,334.3,2.01,32,4,2.2,457.5,386.7,4.93,126.904,295.3,1008.4,7.76,20.9,2.66,53,5
KGeBr_3,Pure,5.639871355,0.130543051,1.4565,0.136225753,1,0,0,0,0,0,0,0,1,0,0,0,3,0,1.51,1033,336.8,0.86,39.098,48.36,418.8,2.33,76.9,0.82,19,4,0.87,3107,1211.5,5.32,72.61,120,762.1,31.8,334.3,2.01,32,4,1.96,331.85,265.95,3.12,79.904,324.6,1139.9,5.286,14.725,2.96,35,4
KGeCl_3,Pure,5.328701742,2.658784541,1.7444,0.118576604,1,0,0,0,0,0,0,0,1,0,0,3,0,0,1.51,1033,336.8,0.86,39.098,48.36,418.8,2.33,76.9,0.82,19,4,0.87,3107,1211.5,5.32,72.61,120,762.1,31.8,334.3,2.01,32,4,1.81,239.18,172.17,3.214,35.453,348.8,1251.1,3.21,10.2,3.16,17,3
KSnI_3,Pure,6.360566115,2.809561932,1.1074,0.155967955,1,0,0,0,0,0,0,0,0,1,0,0,0,3,1.51,1033,336.8,0.86,39.098,48.36,418.8,2.33,76.9,0.82,19,4,1.15,2876,505.12,7.31,118.71,121,708.6,7.2,290.37,1.96,50,5,2.2,457.5,386.7,4.93,126.904,295.3,1008.4,7.76,20.9,2.66,53,5
KSnBr_3,Pure,5.941951317,0.259129865,1.3728,0.126523444,1,0,0,0,0,0,0,0,0,1,0,0,3,0,1.51,1033,336.8,0.86,39.098,48.36,418.8,2.33,76.9,0.82,19,4,1.15,2876,505.12,7.31,118.71,121,708.6,7.2,290.37,1.96,50,5,1.96,331.85,265.95,3.12,79.904,324.6,1139.9,5.286,14.725,2.96,35,4
KSnCl_3,Pure,5.634241027,2.707818923,1.7196,0.113414525,1,0,0,0,0,0,0,0,0,1,0,3,0,0,1.51,1033,336.8,0.86,39.098,48.36,418.8,2.33,76.9,0.82,19,4,1.15,2876,505.12,7.31,118.71,121,708.6,7.2,290.37,1.96,50,5,1.81,239.18,172.17,3.214,35.453,348.8,1251.1,3.21,10.2,3.16,17,3
KPbI_3,Pure,6.42793085,2.979991163,2.1357,0.112382826,1,0,0,0,0,0,0,0,0,0,1,0,0,3,1.51,1033,336.8,0.86,39.098,48.36,418.8,2.33,76.9,0.82,19,4,1.19,2023,600.65,11.35,207.2,110,715.5,4.77,177.9,2.33,82,6,2.2,457.5,386.7,4.93,126.904,295.3,1008.4,7.76,20.9,2.66,53,5
KPbBr_3,Pure,6.012849447,0.301669123,2.5477,0.058905374,1,0,0,0,0,0,0,0,0,0,1,0,3,0,1.51,1033,336.8,0.86,39.098,48.36,418.8,2.33,76.9,0.82,19,4,1.19,2023,600.65,11.35,207.2,110,715.5,4.77,177.9,2.33,82,6,1.96,331.85,265.95,3.12,79.904,324.6,1139.9,5.286,14.725,2.96,35,4
KPbCl_3,Pure,5.728638827,2.778477875,3.0528,0.021212228,1,0,0,0,0,0,0,0,0,0,1,3,0,0,1.51,1033,336.8,0.86,39.098,48.36,418.8,2.33,76.9,0.82,19,4,1.19,2023,600.65,11.35,207.2,110,715.5,4.77,177.9,2.33,82,6,1.81,239.18,172.17,3.214,35.453,348.8,1251.1,3.21,10.2,3.16,17,3
K_0.5Rb_0.125FA_0.375SrBr_3,A-site mixed,5.937841669,-0.22444912,5.5074,0.000683198,0.5,0.125,0,0,0.375,0,1,0,0,0,0,0,3,0,1.905,756.25,340.229,1.034,47.129,33.266,578.188,3.895,57.975,1.476,48.25,5.625,1.26,1655,1042,2.54,87.62,-168,549.5,8.2,136.9,0.95,38,5,1.96,331.85,265.95,3.12,79.904,324.6,1139.9,5.286,14.725,2.96,35,4
K_0.375Rb_0.125Cs_0.125FA_0.375CaI_3,A-site mixed,6.156511989,1.069286207,4.9464,0.001128902,0.375,0.125,0.125,0,0.375,1,0,0,0,0,0,0,0,3,1.934,745.125,335.821,1.16,58.855,32.907,572.8,3.865,56.83,1.472,52.75,5.875,1,1757,1112,1.55,40.078,-156,589.8,8.53,154.67,1,20,4,2.2,457.5,386.7,4.93,126.904,295.3,1008.4,7.76,20.9,2.66,53,5
Rb_0.375FA_0.625CaI_3,A-site mixed,6.232827392,0.547138872,4.8401,0.0012451,0,0.375,0,0,0.625,1,0,0,0,0,0,0,0,3,2.185,559.75,338.486,1.262,60.211,22.959,681.813,4.94,44.075,1.914,70.75,6.875,1,1757,1112,1.55,40.078,-156,589.8,8.53,154.67,1,20,4,2.2,457.5,386.7,4.93,126.904,295.3,1008.4,7.76,20.9,2.66,53,5
MA_0.875FA_0.125CaBr_3,A-site mixed,5.842277072,-0.19341128,5.6366,0.000802255,0,0,0,0.875,0.125,1,0,0,0,0,0,0,3,0,2.215,273.5,202.319,0.75,33.69,8.673,916.65,6.176,24.494,2.552,75.25,7.125,1,1757,1112,1.55,40.078,-156,589.8,8.53,154.67,1,20,4,1.96,331.85,265.95,3.12,79.904,324.6,1139.9,5.286,14.725,2.96,35,4
MA_0.625FA_0.375CaBr_3,A-site mixed,5.981914428,-0.265530128,5.5035,0.000685468,0,0,0,0.625,0.375,1,0,0,0,0,0,0,3,0,2.305,286.5,245.656,0.85,36.938,8.652,897.35,6.269,25.781,2.558,79.75,7.375,1,1757,1112,1.55,40.078,-156,589.8,8.53,154.67,1,20,4,1.96,331.85,265.95,3.12,79.904,324.6,1139.9,5.286,14.725,2.96,35,4
K_0.375Rb_0.25Cs_0.375SnBr_3,A-site mixed,5.965366687,0.037025442,1.4415,0.125980448,0.375,0.25,0.375,0,0,0,0,0,0,1,0,0,3,0,1.621,981.625,317.535,1.407,85.868,46.916,398.688,2.243,71.54,0.809,37,5,1.15,2876,505.12,7.31,118.71,121,708.6,7.2,290.37,1.96,50,5,1.96,331.85,265.95,3.12,79.904,324.6,1139.9,5.286,14.725,2.96,35,4
Rb_0.375Cs_0.625GeBr_3,A-site mixed,5.985282103,-0.226073353,3.9181,0.005996265,0,0.375,0.625,0,0,0,0,0,1,0,0,0,3,0,1.691,950.375,305.699,1.743,115.116,46.015,385.938,2.185,68.287,0.801,48.25,5.625,0.87,3107,1211.5,5.32,72.61,120,762.1,31.8,334.3,2.01,32,4,1.96,331.85,265.95,3.12,79.904,324.6,1139.9,5.286,14.725,2.96,35,4
K_0.125Cs_0.875BaI_3,A-site mixed,6.803973727,0.681042683,4.3647,0.00223357,0.125,0,0.875,0,0,0,0,1,0,0,0,0,0,3,1.711,955.125,305.948,1.744,121.18,45.849,381.088,2.122,68.885,0.794,50.5,5.75,1.42,2078,1002,3.59,137.33,-52,502.9,8.01,140.2,0.89,56,6,2.2,457.5,386.7,4.93,126.904,295.3,1008.4,7.76,20.9,2.66,53,5
Rb_0.75Cs_0.25BaBr_3,A-site mixed,6.345050765,0.525123141,4.8959,0.001031706,0,0.75,0.25,0,0,0,0,1,0,0,0,0,3,0,1.643,956.75,309.858,1.617,97.327,46.54,396.175,2.278,68.835,0.813,41.5,5.25,1.42,2078,1002,3.59,137.33,-52,502.9,8.01,140.2,0.89,56,6,1.96,331.85,265.95,3.12,79.904,324.6,1139.9,5.286,14.725,2.96,35,4
K_0.25Rb_0.375Cs_0.375BaCl_3,A-site mixed,6.047459815,1.909831873,5.6281,0.00056288,0.25,0.375,0.375,0,0,0,0,1,0,0,0,3,0,0,1.634,972.625,314.514,1.491,91.665,46.733,396.712,2.244,70.578,0.809,39.25,5.125,1.42,2078,1002,3.59,137.33,-52,502.9,8.01,140.2,0.89,56,6,1.81,239.18,172.17,3.214,35.453,348.8,1251.1,3.21,10.2,3.16,17,3
K_0.375Cs_0.625SrI_3,A-site mixed,6.471767436,1.138517554,4.3675,0.002127222,0.375,0,0.625,0,0,0,1,0,0,0,0,0,0,3,1.654,977.375,314.763,1.491,97.728,46.566,391.863,2.181,71.175,0.801,41.5,5.25,1.26,1655,1042,2.54,87.62,-168,549.5,8.2,136.9,0.95,38,5,2.2,457.5,386.7,4.93,126.904,295.3,1008.4,7.76,20.9,2.66,53,5
K_0.75Rb_0.25SrBr_3,A-site mixed,5.986778981,0.378321037,4.8975,0.00098099,0.75,0.25,0,0,0,0,1,0,0,0,0,0,3,0,1.535,1015,330.758,1.028,50.691,47.992,414.85,2.333,74.975,0.82,23.5,4.25,1.26,1655,1042,2.54,87.62,-168,549.5,8.2,136.9,0.95,38,5,1.96,331.85,265.95,3.12,79.904,324.6,1139.9,5.286,14.725,2.96,35,4
K_0.75Cs_0.25SrCl_3,A-site mixed,5.70092173,2.620679921,5.8194,0.00051601,0.75,0,0.25,0,0,0,1,0,0,0,0,3,0,0,1.568,1010.75,327.985,1.113,62.55,47.642,408.025,2.271,74.61,0.813,28,4.5,1.26,1655,1042,2.54,87.62,-168,549.5,8.2,136.9,0.95,38,5,1.81,239.18,172.17,3.214,35.453,348.8,1251.1,3.21,10.2,3.16,17,3
K_0.375Cs_0.625CaI_3,A-site mixed,6.220533668,1.098179421,4.4918,0.002487965,0.375,0,0.625,0,0,1,0,0,0,0,0,0,0,3,1.654,977.375,314.763,1.491,97.728,46.566,391.863,2.181,71.175,0.801,41.5,5.25,1,1757,1112,1.55,40.078,-156,589.8,8.53,154.67,1,20,4,2.2,457.5,386.7,4.93,126.904,295.3,1008.4,7.76,20.9,2.66,53,5
Rb_0.125Cs_0.875CaBr_3,A-site mixed,5.756831655,-0.214340212,5.5223,0.000959761,0,0.125,0.875,0,0,1,0,0,0,0,0,0,3,0,1.724,946.125,302.926,1.828,126.976,45.665,379.113,2.123,67.922,0.794,52.75,5.875,1,1757,1112,1.55,40.078,-156,589.8,8.53,154.67,1,20,4,1.96,331.85,265.95,3.12,79.904,324.6,1139.9,5.286,14.725,2.96,35,4
K_0.125Rb_0.5Cs_0.375CaCl_3,A-site mixed,5.429757403,0.792699678,6.3791,0.000499946,0.125,0.5,0.375,0,0,1,0,0,0,0,0,3,0,0,1.646,963.625,311.493,1.575,97.461,46.549,394.737,2.246,69.615,0.809,41.5,5.25,1,1757,1112,1.55,40.078,-156,589.8,8.53,154.67,1,20,4,1.81,239.18,172.17,3.214,35.453,348.8,1251.1,3.21,10.2,3.16,17,3
K_0.375Rb_0.125Cs_0.5CaCl_3,A-site mixed,5.427382521,1.661826349,6.3673,0.000499305,0.375,0.125,0.5,0,0,1,0,0,0,0,0,3,0,0,1.638,979.5,316.149,1.449,91.798,46.741,395.275,2.212,71.358,0.805,39.25,5.125,1,1757,1112,1.55,40.078,-156,589.8,8.53,154.67,1,20,4,1.81,239.18,172.17,3.214,35.453,348.8,1251.1,3.21,10.2,3.16,17,3
Rb_0.625Cs_0.375CaCl_3,A-site mixed,5.440583819,0.455656071,6.4012,0.000509163,0,0.625,0.375,0,0,1,0,0,0,0,0,3,0,0,1.659,954.625,308.471,1.659,103.257,46.365,392.762,2.247,68.653,0.809,43.75,5.375,1,1757,1112,1.55,40.078,-156,589.8,8.53,154.67,1,20,4,1.81,239.18,172.17,3.214,35.453,348.8,1251.1,3.21,10.2,3.16,17,3
K_0.25Rb_0.25Cs_0.125MA_0.375PbI_3,A-site mixed,6.48836279,1.481824773,2.9354,0.025475604,0.25,0.25,0.125,0.375,0,0,0,0,0,0,1,0,0,3,1.811,716.625,267.794,1.094,59.779,32.755,599.775,3.728,53.936,1.465,48.25,5.625,1.19,2023,600.65,11.35,207.2,110,715.5,4.77,177.9,2.33,82,6,2.2,457.5,386.7,4.93,126.904,295.3,1008.4,7.76,20.9,2.66,53,5
K_0.25Rb_0.125MA_0.625SnCl_3,A-site mixed,5.915250258,0.51679079,3.6168,0.003648209,0.25,0.125,0,0.625,0,0,0,0,0,1,0,3,0,0,1.935,545.25,236.185,0.844,40.499,23.379,734.013,4.706,42.781,1.901,55,6,1.15,2876,505.12,7.31,118.71,121,708.6,7.2,290.37,1.96,50,5,1.81,239.18,172.17,3.214,35.453,348.8,1251.1,3.21,10.2,3.16,17,3
Rb_0.375Cs_0.125MA_0.5PbI_3,A-site mixed,6.599943294,1.213770975,2.8476,0.044924989,0,0.375,0.125,0.5,0,0,0,0,0,0,1,0,0,3,1.906,611.875,245.254,1.158,64.697,27.612,661.237,4.204,46.343,1.681,57.25,6.125,1.19,2023,600.65,11.35,207.2,110,715.5,4.77,177.9,2.33,82,6,2.2,457.5,386.7,4.93,126.904,295.3,1008.4,7.76,20.9,2.66,53,5
K_0.25Rb_0.25Cs_0.125MA_0.375GeBr_3,A-site mixed,5.968699607,-0.031130327,2.8945,0.032967364,0.25,0.25,0.125,0.375,0,0,0,0,1,0,0,0,3,0,1.811,716.625,267.794,1.094,59.779,32.755,599.775,3.728,53.936,1.465,48.25,5.625,0.87,3107,1211.5,5.32,72.61,120,762.1,31.8,334.3,2.01,32,4,1.96,331.85,265.95,3.12,79.904,324.6,1139.9,5.286,14.725,2.96,35,4
Rb_0.375Cs_0.25MA_0.375GeBr_3,A-site mixed,5.962028487,-0.094916148,2.9972,0.023525998,0,0.375,0.25,0.375,0,0,0,0,1,0,0,0,3,0,1.853,696.5,260.365,1.304,77.302,32.213,592.412,3.699,51.829,1.461,55,6,0.87,3107,1211.5,5.32,72.61,120,762.1,31.8,334.3,2.01,32,4,1.96,331.85,265.95,3.12,79.904,324.6,1139.9,5.286,14.725,2.96,35,4
Rb_0.5Cs_0.125MA_0.375GeBr_3,A-site mixed,5.971470033,-0.059386194,2.905,0.031729593,0,0.5,0.125,0.375,0,0,0,0,1,0,0,0,3,0,1.836,698.625,261.751,1.262,71.372,32.388,595.825,3.73,52.011,1.465,52.75,5.875,0.87,3107,1211.5,5.32,72.61,120,762.1,31.8,334.3,2.01,32,4,1.96,331.85,265.95,3.12,79.904,324.6,1139.9,5.286,14.725,2.96,35,4
K_0.125Rb_0.125MA_0.75PbI_3,A-site mixed,6.572568468,1.034223702,2.8769,0.038241046,0.125,0.125,0,0.75,0,0,0,0,0,0,1,0,0,3,2.018,449.5,216.666,0.824,39.62,18.419,797.45,5.181,36.15,2.117,61.75,6.375,1.19,2023,600.65,11.35,207.2,110,715.5,4.77,177.9,2.33,82,6,2.2,457.5,386.7,4.93,126.904,295.3,1008.4,7.76,20.9,2.66,53,5
K_0.25Rb_0.25Cs_0.125MA_0.375PbBr_3,A-site mixed,6.060441043,-0.042563907,3.567,0.005022218,0.25,0.25,0.125,0.375,0,0,0,0,0,0,1,0,3,0,1.811,716.625,267.794,1.094,59.779,32.755,599.775,3.728,53.936,1.465,48.25,5.625,1.19,2023,600.65,11.35,207.2,110,715.5,4.77,177.9,2.33,82,6,1.96,331.85,265.95,3.12,79.904,324.6,1139.9,5.286,14.725,2.96,35,4
Rb_0.375Cs_0.25MA_0.375PbBr_3,A-site mixed,6.116244476,-0.053182544,3.5527,0.005674751,0,0.375,0.25,0.375,0,0,0,0,0,0,1,0,3,0,1.853,696.5,260.365,1.304,77.302,32.213,592.412,3.699,51.829,1.461,55,6,1.19,2023,600.65,11.35,207.2,110,715.5,4.77,177.9,2.33,82,6,1.96,331.85,265.95,3.12,79.904,324.6,1139.9,5.286,14.725,2.96,35,4
K_0.25Rb_0.125Cs_0.125MA_0.5SrI_3,A-site mixed,6.500984831,1.204500238,4.6195,0.001900659,0.25,0.125,0.125,0.5,0,0,1,0,0,0,0,0,0,3,1.881,629.875,251.296,0.99,53.104,27.979,665.188,4.202,48.267,1.681,52.75,5.875,1.26,1655,1042,2.54,87.62,-168,549.5,8.2,136.9,0.95,38,5,2.2,457.5,386.7,4.93,126.904,295.3,1008.4,7.76,20.9,2.66,53,5
K_0.375Rb_0.125MA_0.5SrI_3,A-site mixed,6.503655831,1.54337641,4.6082,0.001901788,0.375,0.125,0,0.5,0,0,1,0,0,0,0,0,0,3,1.853,641,255.704,0.864,41.378,28.338,670.575,4.231,49.413,1.685,48.25,5.625,1.26,1655,1042,2.54,87.62,-168,549.5,8.2,136.9,0.95,38,5,2.2,457.5,386.7,4.93,126.904,295.3,1008.4,7.76,20.9,2.66,53,5
K_0.25Rb_0.25Cs_0.125MA_0.375SrBr_3,A-site mixed,5.953902127,-0.009849458,5.5516,0.0005933,0.25,0.25,0.125,0.375,0,0,1,0,0,0,0,0,3,0,1.811,716.625,267.794,1.094,59.779,32.755,599.775,3.728,53.936,1.465,48.25,5.625,1.26,1655,1042,2.54,87.62,-168,549.5,8.2,136.9,0.95,38,5,1.96,331.85,265.95,3.12,79.904,324.6,1139.9,5.286,14.725,2.96,35,4
K_0.5Cs_0.125MA_0.375SrBr_3,A-site mixed,6.039948638,0.107212178,5.2962,0.00053033,0.5,0,0.125,0.375,0,0,1,0,0,0,0,0,3,0,1.786,734.625,273.836,0.926,48.187,33.123,603.725,3.725,55.861,1.465,43.75,5.375,1.26,1655,1042,2.54,87.62,-168,549.5,8.2,136.9,0.95,38,5,1.96,331.85,265.95,3.12,79.904,324.6,1139.9,5.286,14.725,2.96,35,4
K_0.375Rb_0.125MA_0.5CaI_3,A-site mixed,6.163470437,1.519966091,4.8127,0.001798725,0.375,0.125,0,0.5,0,1,0,0,0,0,0,0,0,3,1.853,641,255.704,0.864,41.378,28.338,670.575,4.231,49.413,1.685,48.25,5.625,1,1757,1112,1.55,40.078,-156,589.8,8.53,154.67,1,20,4,2.2,457.5,386.7,4.93,126.904,295.3,1008.4,7.76,20.9,2.66,53,5
K_0.375Cs_0.125MA_0.5CaI_3,A-site mixed,6.169054254,1.224319979,4.8327,0.001785637,0.375,0,0.125,0.5,0,1,0,0,0,0,0,0,0,3,1.869,638.875,254.317,0.906,47.308,28.163,667.163,4.2,49.23,1.681,50.5,5.75,1,1757,1112,1.55,40.078,-156,589.8,8.53,154.67,1,20,4,2.2,457.5,386.7,4.93,126.904,295.3,1008.4,7.76,20.9,2.66,53,5
K_0.25Rb_0.25MA_0.5CaCl_3,A-site mixed,5.440221005,0.512819111,6.6019,0.000382978,0.25,0.25,0,0.5,0,1,0,0,0,0,0,3,0,0,1.865,632,252.683,0.948,47.175,28.154,668.6,4.232,48.45,1.685,50.5,5.75,1,1757,1112,1.55,40.078,-156,589.8,8.53,154.67,1,20,4,1.81,239.18,172.17,3.214,35.453,348.8,1251.1,3.21,10.2,3.16,17,3
Rb_0.375Cs_0.125MA_0.5CaCl_3,A-site mixed,5.468816261,0.062053096,6.6053,0.00039141,0,0.375,0.125,0.5,0,1,0,0,0,0,0,3,0,0,1.906,611.875,245.254,1.158,64.697,27.612,661.237,4.204,46.343,1.681,57.25,6.125,1,1757,1112,1.55,40.078,-156,589.8,8.53,154.67,1,20,4,1.81,239.18,172.17,3.214,35.453,348.8,1251.1,3.21,10.2,3.16,17,3
Rb_0.5MA_0.5CaCl_3,A-site mixed,5.465004348,-0.138374267,6.5552,0.000404756,0,0.5,0,0.5,0,1,0,0,0,0,0,3,0,0,1.89,614,246.64,1.116,58.767,27.787,664.65,4.235,46.525,1.685,55,6,1,1757,1112,1.55,40.078,-156,589.8,8.53,154.67,1,20,4,1.81,239.18,172.17,3.214,35.453,348.8,1251.1,3.21,10.2,3.16,17,3
CsBa_0.125Pb_0.875I_3,B-site mixed,6.485446612,0.07234512,2.4016,0.091733933,0,0,1,0,0,0,0,0.125,0,0,0.875,0,0,3,1.74,944,301.54,1.87,132.905,45.49,375.7,2.092,67.74,0.79,55,6,1.219,2029.875,650.819,10.38,198.466,89.75,688.925,5.175,173.188,2.15,78.75,6,2.2,457.5,386.7,4.93,126.904,295.3,1008.4,7.76,20.9,2.66,53,5
CsBa_0.25Pb_0.75I_3,B-site mixed,6.484431755,0.109978452,2.5845,0.073541448,0,0,1,0,0,0,0,0.25,0,0,0.75,0,0,3,1.74,944,301.54,1.87,132.905,45.49,375.7,2.092,67.74,0.79,55,6,1.248,2036.75,700.987,9.41,189.732,69.5,662.35,5.58,168.475,1.97,75.5,6,2.2,457.5,386.7,4.93,126.904,295.3,1008.4,7.76,20.9,2.66,53,5
CsBa_0.375Pb_0.625I_3,B-site mixed,6.510622402,0.145688368,2.9321,0.043746637,0,0,1,0,0,0,0,0.375,0,0,0.625,0,0,3,1.74,944,301.54,1.87,132.905,45.49,375.7,2.092,67.74,0.79,55,6,1.276,2043.625,751.156,8.44,180.999,49.25,635.775,5.985,163.762,1.79,72.25,6,2.2,457.5,386.7,4.93,126.904,295.3,1008.4,7.76,20.9,2.66,53,5
CsBa_0.5Pb_0.5I_3,B-site mixed,6.543737998,0.210121573,2.8963,0.037780289,0,0,1,0,0,0,0,0.5,0,0,0.5,0,0,3,1.74,944,301.54,1.87,132.905,45.49,375.7,2.092,67.74,0.79,55,6,1.305,2050.5,801.325,7.47,172.265,29,609.2,6.39,159.05,1.61,69,6,2.2,457.5,386.7,4.93,126.904,295.3,1008.4,7.76,20.9,2.66,53,5
CsBa_0.625Pb_0.375I_3,B-site mixed,6.60104274,0.230755422,3.927,0.005506745,0,0,1,0,0,0,0,0.625,0,0,0.375,0,0,3,1.74,944,301.54,1.87,132.905,45.49,375.7,2.092,67.74,0.79,55,6,1.334,2057.375,851.494,6.5,163.531,8.75,582.625,6.795,154.338,1.43,65.75,6,2.2,457.5,386.7,4.93,126.904,295.3,1008.4,7.76,20.9,2.66,53,5
CsBa_0.75Pb_0.25I_3,B-site mixed,6.667835497,0.263329311,4.1981,0.00455019,0,0,1,0,0,0,0,0.75,0,0,0.25,0,0,3,1.74,944,301.54,1.87,132.905,45.49,375.7,2.092,67.74,0.79,55,6,1.362,2064.25,901.663,5.53,154.798,-11.5,556.05,7.2,149.625,1.25,62.5,6,2.2,457.5,386.7,4.93,126.904,295.3,1008.4,7.76,20.9,2.66,53,5
CsBa_0.875Pb_0.125I_3,B-site mixed,6.740872877,0.293825987,4.2147,0.003489519,0,0,1,0,0,0,0,0.875,0,0,0.125,0,0,3,1.74,944,301.54,1.87,132.905,45.49,375.7,2.092,67.74,0.79,55,6,1.391,2071.125,951.831,4.56,146.064,-31.75,529.475,7.605,144.912,1.07,59.25,6,2.2,457.5,386.7,4.93,126.904,295.3,1008.4,7.76,20.9,2.66,53,5
MABa_0.125Pb_0.875I_3,B-site mixed,6.543630828,0.456848189,2.9111,0.034194989,0,0,0,1,0,0,0,0.125,0,0,0.875,0,0,3,2.17,267,180.65,0.7,32.066,8.684,926.3,6.13,23.85,2.55,73,7,1.219,2029.875,650.819,10.38,198.466,89.75,688.925,5.175,173.188,2.15,78.75,6,2.2,457.5,386.7,4.93,126.904,295.3,1008.4,7.76,20.9,2.66,53,5
MABa_0.25Pb_0.75I_3,B-site mixed,6.576111453,0.470722362,3.0329,0.026497395,0,0,0,1,0,0,0,0.25,0,0,0.75,0,0,3,2.17,267,180.65,0.7,32.066,8.684,926.3,6.13,23.85,2.55,73,7,1.248,2036.75,700.987,9.41,189.732,69.5,662.35,5.58,168.475,1.97,75.5,6,2.2,457.5,386.7,4.93,126.904,295.3,1008.4,7.76,20.9,2.66,53,5
MABa_0.375Pb_0.625I_3,B-site mixed,6.54972539,0.482702581,3.1834,0.019446096,0,0,0,1,0,0,0,0.375,0,0,0.625,0,0,3,2.17,267,180.65,0.7,32.066,8.684,926.3,6.13,23.85,2.55,73,7,1.276,2043.625,751.156,8.44,180.999,49.25,635.775,5.985,163.762,1.79,72.25,6,2.2,457.5,386.7,4.93,126.904,295.3,1008.4,7.76,20.9,2.66,53,5
MABa_0.5Pb_0.5I_3,B-site mixed,6.563682589,0.507879303,3.1671,0.02058201,0,0,0,1,0,0,0,0.5,0,0,0.5,0,0,3,2.17,267,180.65,0.7,32.066,8.684,926.3,6.13,23.85,2.55,73,7,1.305,2050.5,801.325,7.47,172.265,29,609.2,6.39,159.05,1.61,69,6,2.2,457.5,386.7,4.93,126.904,295.3,1008.4,7.76,20.9,2.66,53,5
MABa_0.625Pb_0.375I_3,B-site mixed,6.604172828,0.511775945,3.9058,0.005481746,0,0,0,1,0,0,0,0.625,0,0,0.375,0,0,3,2.17,267,180.65,0.7,32.066,8.684,926.3,6.13,23.85,2.55,73,7,1.334,2057.375,851.494,6.5,163.531,8.75,582.625,6.795,154.338,1.43,65.75,6,2.2,457.5,386.7,4.93,126.904,295.3,1008.4,7.76,20.9,2.66,53,5
MABa_0.75Pb_0.25I_3,B-site mixed,6.694242456,0.511993803,3.6625,0.0056626,0,0,0,1,0,0,0,0.75,0,0,0.25,0,0,3,2.17,267,180.65,0.7,32.066,8.684,926.3,6.13,23.85,2.55,73,7,1.362,2064.25,901.663,5.53,154.798,-11.5,556.05,7.2,149.625,1.25,62.5,6,2.2,457.5,386.7,4.93,126.904,295.3,1008.4,7.76,20.9,2.66,53,5
MABa_0.875Pb_0.125I_3,B-site mixed,6.751394506,0.515826035,4.0328,0.003008466,0,0,0,1,0,0,0,0.875,0,0,0.125,0,0,3,2.17,267,180.65,0.7,32.066,8.684,926.3,6.13,23.85,2.55,73,7,1.391,2071.125,951.831,4.56,146.064,-31.75,529.475,7.605,144.912,1.07,59.25,6,2.2,457.5,386.7,4.93,126.904,295.3,1008.4,7.76,20.9,2.66,53,5
FABa_0.125Pb_0.875I_3,B-site mixed,6.627853,-0.4661057,2.9785,0.034869846,0,0,0,0,1,0,0,0.125,0,0,0.875,0,0,3,2.53,319,354,1.1,45.057,8.6,849.1,6.5,29,2.57,91,8,1.219,2029.875,650.819,10.38,198.466,89.75,688.925,5.175,173.188,2.15,78.75,6,2.2,457.5,386.7,4.93,126.904,295.3,1008.4,7.76,20.9,2.66,53,5
FABa_0.25Pb_0.75I_3,B-site mixed,6.623162601,-0.528872093,3.2112,0.026918877,0,0,0,0,1,0,0,0.25,0,0,0.75,0,0,3,2.53,319,354,1.1,45.057,8.6,849.1,6.5,29,2.57,91,8,1.248,2036.75,700.987,9.41,189.732,69.5,662.35,5.58,168.475,1.97,75.5,6,2.2,457.5,386.7,4.93,126.904,295.3,1008.4,7.76,20.9,2.66,53,5
FABa_0.375Pb_0.625I_3,B-site mixed,6.650792758,-0.510075788,3.1655,0.025203355,0,0,0,0,1,0,0,0.375,0,0,0.625,0,0,3,2.53,319,354,1.1,45.057,8.6,849.1,6.5,29,2.57,91,8,1.276,2043.625,751.156,8.44,180.999,49.25,635.775,5.985,163.762,1.79,72.25,6,2.2,457.5,386.7,4.93,126.904,295.3,1008.4,7.76,20.9,2.66,53,5
FABa_0.5Pb_0.5I_3,B-site mixed,6.630935401,-0.515045466,3.2812,0.013482588,0,0,0,0,1,0,0,0.5,0,0,0.5,0,0,3,2.53,319,354,1.1,45.057,8.6,849.1,6.5,29,2.57,91,8,1.305,2050.5,801.325,7.47,172.265,29,609.2,6.39,159.05,1.61,69,6,2.2,457.5,386.7,4.93,126.904,295.3,1008.4,7.76,20.9,2.66,53,5
FABa_0.625Pb_0.375I_3,B-site mixed,6.692971508,-0.529185617,3.4262,0.009950413,0,0,0,0,1,0,0,0.625,0,0,0.375,0,0,3,2.53,319,354,1.1,45.057,8.6,849.1,6.5,29,2.57,91,8,1.334,2057.375,851.494,6.5,163.531,8.75,582.625,6.795,154.338,1.43,65.75,6,2.2,457.5,386.7,4.93,126.904,295.3,1008.4,7.76,20.9,2.66,53,5
FABa_0.75Pb_0.25I_3,B-site mixed,6.693104201,-0.517392989,4.0936,0.004144998,0,0,0,0,1,0,0,0.75,0,0,0.25,0,0,3,2.53,319,354,1.1,45.057,8.6,849.1,6.5,29,2.57,91,8,1.362,2064.25,901.663,5.53,154.798,-11.5,556.05,7.2,149.625,1.25,62.5,6,2.2,457.5,386.7,4.93,126.904,295.3,1008.4,7.76,20.9,2.66,53,5
FABa_0.875Pb_0.125I_3,B-site mixed,6.748265853,-0.497944005,4.1081,0.003216604,0,0,0,0,1,0,0,0.875,0,0,0.125,0,0,3,2.53,319,354,1.1,45.057,8.6,849.1,6.5,29,2.57,91,8,1.391,2071.125,951.831,4.56,146.064,-31.75,529.475,7.605,144.912,1.07,59.25,6,2.2,457.5,386.7,4.93,126.904,295.3,1008.4,7.76,20.9,2.66,53,5
CsCa_0.25Sr_0.25Sn_0.25Pb_0.25I_3,B-site mixed,6.283170443,0.056741226,3.1683,0.025753785,0,0,1,0,0,0.25,0.25,0,0,0.25,0.25,0,0,3,1.74,944,301.54,1.87,132.905,45.49,375.7,2.092,67.74,0.79,55,6,1.15,2077.75,814.942,5.688,113.402,-23.25,640.85,7.175,189.96,1.56,47.5,5,2.2,457.5,386.7,4.93,126.904,295.3,1008.4,7.76,20.9,2.66,53,5
CsCa_0.125Ba_0.75Sn_0.125I_3,B-site mixed,6.667866884,0.283540861,3.5284,0.009547147,0,0,1,0,0,0.125,0,0.75,0,0.125,0,0,0,3,1.74,944,301.54,1.87,132.905,45.49,375.7,2.092,67.74,0.79,55,6,1.334,2137.625,953.64,3.8,122.846,-43.375,539.475,7.974,160.78,1.038,50.75,5.625,2.2,457.5,386.7,4.93,126.904,295.3,1008.4,7.76,20.9,2.66,53,5
CsSr_0.25Ba_0.125Ge_0.125Sn_0.375Pb_0.125I_3,B-site mixed,6.345003343,0.091776218,2.05,0.103197016,0,0,1,0,0,0,0.25,0.125,0.125,0.375,0.125,0,0,3,1.74,944,301.54,1.87,132.905,45.49,375.7,2.092,67.74,0.79,55,6,1.181,2393.25,801.689,5.909,118.564,25.625,650.663,10.322,224.664,1.626,49.5,5.125,2.2,457.5,386.7,4.93,126.904,295.3,1008.4,7.76,20.9,2.66,53,5
CsCa_0.5Ge_0.25Sn_0.125Pb_0.125Br_3,B-site mixed,5.722139699,-0.156833119,3.7054,0.006736989,0,0,1,0,0,0.5,0,0,0.25,0.125,0.125,0,3,0,1.74,944,301.54,1.87,132.905,45.49,375.7,2.092,67.74,0.79,55,6,1.01,2267.625,997.096,4.438,78.93,-19.125,663.438,13.711,219.444,1.539,34.5,4.375,1.96,331.85,265.95,3.12,79.904,324.6,1139.9,5.286,14.725,2.96,35,4
CsSr_0.25Ba_0.625Sn_0.125Br_3,B-site mixed,6.203636966,0.206741887,4.0968,0.002626639,0,0,1,0,0,0,0.25,0.625,0,0.125,0,0,3,0,1.74,944,301.54,1.87,132.905,45.49,375.7,2.092,67.74,0.79,55,6,1.346,2072,949.89,3.792,122.575,-59.375,540.263,7.956,158.146,1.039,50.75,5.625,1.96,331.85,265.95,3.12,79.904,324.6,1139.9,5.286,14.725,2.96,35,4
CsCa_0.125Sr_0.125Ba_0.25Ge_0.375Pb_0.125Br_3,B-site mixed,5.843296793,0.055079199,3.5718,0.007849394,0,0,1,0,0,0.125,0.125,0.25,0.375,0,0.125,0,3,0,1.74,944,301.54,1.87,132.905,45.49,375.7,2.092,67.74,0.79,55,6,1.112,2364,1049.144,4.822,103.424,5.25,643.362,16.615,219.096,1.511,43.5,4.875,1.96,331.85,265.95,3.12,79.904,324.6,1139.9,5.286,14.725,2.96,35,4
CsCa_0.125Ba_0.125Ge_0.25Sn_0.5Br_3,B-site mixed,5.873309497,-0.08237306,2.1322,0.115227952,0,0,1,0,0,0.125,0,0.125,0.25,0.5,0,0,3,0,1.74,944,301.54,1.87,132.905,45.49,375.7,2.092,67.74,0.79,55,6,1.095,2694.125,819.685,5.627,99.684,64.5,681.412,13.617,265.619,1.719,42.5,4.75,1.96,331.85,265.95,3.12,79.904,324.6,1139.9,5.286,14.725,2.96,35,4
CsCa_0.25Ba_0.125Ge_0.25Pb_0.375Cl_3,B-site mixed,5.583336751,1.662045659,3.2362,0.015689666,0,0,1,0,0,0.25,0,0.125,0.25,0,0.375,3,0,0,1.74,944,301.54,1.87,132.905,45.49,375.7,2.092,67.74,0.79,55,6,1.091,2234.375,931.369,6.422,123.038,25.75,669.15,12.873,206.48,1.738,50.75,5,1.81,239.18,172.17,3.214,35.453,348.8,1251.1,3.21,10.2,3.16,17,3
CsCa_0.125Sr_0.125Ge_0.375Sn_0.25Pb_0.125Cl_3,B-site mixed,5.526440193,1.566517695,2.7063,0.052339601,0,0,1,0,0,0.125,0.125,0,0.375,0.25,0.125,3,0,0,1.74,944,301.54,1.87,132.905,45.49,375.7,2.092,67.74,0.79,55,6,1.045,2563.5,924.924,5.753,98.768,48.5,694.788,16.413,256.639,1.779,42,4.625,1.81,239.18,172.17,3.214,35.453,348.8,1251.1,3.21,10.2,3.16,17,3
CsCa_0.375Sr_0.375Ba_0.25Cl_3,B-site mixed,5.714654344,1.727372893,6.2465,0.000529491,0,0,1,0,0,0.375,0.375,0.25,0,0,0,3,0,0,1.74,944,301.54,1.87,132.905,45.49,375.7,2.092,67.74,0.79,55,6,1.203,1799,1058.25,2.431,82.219,-134.5,552.962,8.276,144.389,0.954,35.75,4.875,1.81,239.18,172.17,3.214,35.453,348.8,1251.1,3.21,10.2,3.16,17,3
FASr_0.25Ba_0.25Ge_0.125Sn_0.25Pb_0.125I_3,B-site mixed,6.471078265,-0.410342453,3.0865,0.027658244,0,0,0,0,1,0,0.25,0.25,0.125,0.25,0.125,0,0,3,2.53,319,354,1.1,45.057,8.6,849.1,6.5,29,2.57,91,8,1.215,2293.5,863.799,5.444,120.891,4,624.95,10.424,205.893,1.492,50.25,5.25,2.2,457.5,386.7,4.93,126.904,295.3,1008.4,7.76,20.9,2.66,53,5
FABa_0.125Ge_0.25Sn_0.125Pb_0.5I_3,B-site mixed,6.630900601,-0.44168752,2.8292,0.035088362,0,0,0,0,1,0,0,0.125,0.25,0.125,0.5,0,0,3,2.53,319,354,1.1,45.057,8.6,849.1,6.5,29,2.57,91,8,1.134,2407.5,791.59,8.367,153.757,93.625,699.712,12.236,226.346,2.024,62.25,5.375,2.2,457.5,386.7,4.93,126.904,295.3,1008.4,7.76,20.9,2.66,53,5
KSr_0.375Ge_0.25Sn_0.25Pb_0.125I_3,B-site mixed,6.243871541,2.956354,1.6783,0.112393067,1,0,0,0,0,0,0.375,0,0.25,0.25,0.125,0,0,3,1.51,1033,336.8,0.86,39.098,48.36,418.8,2.33,76.9,0.82,19,4,1.126,2369.25,894.986,5.529,106.588,11,663.175,13.421,229.743,1.64,45,4.875,2.2,457.5,386.7,4.93,126.904,295.3,1008.4,7.76,20.9,2.66,53,5
KCa_0.25Sr_0.125Ge_0.25Pb_0.375I_3,B-site mixed,6.212048386,2.969445804,2.1675,0.106048007,1,0,0,0,0,0.25,0.125,0,0.25,0,0.375,0,0,3,1.51,1033,336.8,0.86,39.098,48.36,418.8,2.33,76.9,0.82,19,4,1.071,2181.5,936.369,6.291,116.824,11.25,674.975,12.896,206.068,1.745,48.5,4.875,2.2,457.5,386.7,4.93,126.904,295.3,1008.4,7.76,20.9,2.66,53,5
KSr_0.25Ge_0.625Pb_0.125I_3,B-site mixed,6.146894796,2.946554342,1.8017,0.142893359,1,0,0,0,0,0,0.25,0,0.625,0,0.125,0,0,3,1.51,1033,336.8,0.86,39.098,48.36,418.8,2.33,76.9,0.82,19,4,1.007,2608.5,1092.769,5.379,93.186,46.75,703.125,22.521,265.4,1.785,39.75,4.5,2.2,457.5,386.7,4.93,126.904,295.3,1008.4,7.76,20.9,2.66,53,5
KCa_0.125Sr_0.25Ge_0.25Sn_0.125Pb_0.25I_3,B-site mixed,6.225646637,2.962679426,1.8844,0.117763894,1,0,0,0,0,0.125,0.25,0,0.25,0.125,0.25,0,0,3,1.51,1033,336.8,0.86,39.098,48.36,418.8,2.33,76.9,0.82,19,4,1.099,2275.375,915.678,5.91,111.706,11.125,669.075,13.159,217.905,1.692,46.75,4.875,2.2,457.5,386.7,4.93,126.904,295.3,1008.4,7.76,20.9,2.66,53,5
KCa_0.25Sr_0.25Ba_0.125Ge_0.125Pb_0.25Br_3,B-site mixed,5.889469543,0.434436201,4.027,0.003851904,1,0,0,0,0,0.25,0.25,0.125,0.125,0,0.25,0,3,0,1.51,1033,336.8,0.86,39.098,48.36,418.8,2.33,76.9,0.82,19,4,1.149,2006.875,965.35,4.974,109.967,-45,621.825,10.351,176.68,1.433,46,5,1.96,331.85,265.95,3.12,79.904,324.6,1139.9,5.286,14.725,2.96,35,4
KSr_0.125Ba_0.125Ge_0.125Sn_0.125Pb_0.5Br_3,B-site mixed,5.949113933,0.407486218,2.3454,0.056464787,1,0,0,0,0,0,0.125,0.125,0.125,0.125,0.5,0,3,0,1.51,1033,336.8,0.86,39.098,48.36,418.8,2.33,76.9,0.82,19,4,1.182,2226,770.402,8.02,155.634,57.625,673.138,9.286,201.671,1.891,63,5.5,1.96,331.85,265.95,3.12,79.904,324.6,1139.9,5.286,14.725,2.96,35,4
KSr_0.125Ba_0.5Sn_0.25Pb_0.125Br_3,B-site mixed,6.094452033,0.651223853,3.6298,0.005890078,1,0,0,0,0,0,0.125,0.5,0,0.25,0.125,0,3,0,1.51,1033,336.8,0.86,39.098,48.36,418.8,2.33,76.9,0.82,19,4,1.304,2217.75,832.611,5.359,135.195,-3,586.725,7.426,182.043,1.345,55.5,5.625,1.96,331.85,265.95,3.12,79.904,324.6,1139.9,5.286,14.725,2.96,35,4
KCa_0.125Sr_0.25Ba_0.125Ge_0.5Br_3,B-site mixed,5.703101752,0.395784818,3.5184,0.009242049,1,0,0,0,0,0.125,0.25,0.125,0.5,0,0,0,3,0,1.51,1033,336.8,0.86,39.098,48.36,418.8,2.33,76.9,0.82,19,4,1.052,2446.625,1130.5,3.938,80.386,-8,655.013,20.017,238.234,1.479,35,4.5,1.96,331.85,265.95,3.12,79.904,324.6,1139.9,5.286,14.725,2.96,35,4
KSr_0.125Ba_0.375Ge_0.125Sn_0.125Pb_0.25Br_3,B-site mixed,5.952731233,0.55969209,3.4537,0.006843212,1,0,0,0,0,0,0.125,0.375,0.125,0.125,0.25,0,3,0,1.51,1033,336.8,0.86,39.098,48.36,418.8,2.33,76.9,0.82,19,4,1.24,2239.75,870.74,6.08,138.166,17.125,619.987,10.096,192.246,1.531,56.5,5.5,1.96,331.85,265.95,3.12,79.904,324.6,1139.9,5.286,14.725,2.96,35,4
KBa_0.25Ge_0.625Sn_0.125Cl_3,B-site mixed,5.509833232,2.966735058,2.4061,0.081848163,1,0,0,0,0,0,0,0.25,0.625,0.125,0,3,0,0,1.51,1033,336.8,0.86,39.098,48.36,418.8,2.33,76.9,0.82,19,4,1.042,2820.875,1070.828,5.136,94.553,77.125,690.613,22.777,280.284,1.724,40.25,4.625,1.81,239.18,172.17,3.214,35.453,348.8,1251.1,3.21,10.2,3.16,17,3
KCa_0.375Sr_0.125Ba_0.125Ge_0.125Sn_0.125Pb_0.125Cl_3,B-site mixed,5.550037992,2.877574071,4.0655,0.002417783,1,0,0,0,0,0.375,0.125,0.125,0.125,0.125,0.125,3,0,0,1.51,1033,336.8,0.86,39.098,48.36,418.8,2.33,76.9,0.82,19,4,1.111,2126.25,962.159,4.345,92.963,-42.125,626,10.696,192.96,1.392,39.75,4.75,1.81,239.18,172.17,3.214,35.453,348.8,1251.1,3.21,10.2,3.16,17,3
KSr_0.125Ba_0.125Ge_0.25Sn_0.25Pb_0.25Cl_3,B-site mixed,5.605649567,2.908628265,2.7044,0.055711827,1,0,0,0,0,0,0.125,0.125,0.25,0.25,0.25,3,0,0,1.51,1033,336.8,0.86,39.098,48.36,418.8,2.33,76.9,0.82,19,4,1.137,2468.125,834.817,6.761,127.749,60.25,678.1,12.969,235.28,1.805,52.75,5.125,1.81,239.18,172.17,3.214,35.453,348.8,1251.1,3.21,10.2,3.16,17,3
KCa_0.75Ba_0.25Cl_3,B-site mixed,5.572125901,2.863590014,5.7679,0.00056462,1,0,0,0,0,0.75,0,0.25,0,0,0,3,0,0,1.51,1033,336.8,0.86,39.098,48.36,418.8,2.33,76.9,0.82,19,4,1.105,1837.25,1084.5,2.06,64.391,-130,568.075,8.4,151.053,0.973,29,4.5,1.81,239.18,172.17,3.214,35.453,348.8,1251.1,3.21,10.2,3.16,17,3
MACa_0.125Sn_0.75Pb_0.125I_3,B-site mixed,6.515791584,0.429066316,2.6764,0.047767817,0,0,0,1,0,0.125,0,0,0,0.75,0.125,0,0,3,2.17,267,180.65,0.7,32.066,8.684,926.3,6.13,23.85,2.55,73,7,1.136,2629.5,592.921,7.095,119.942,85,694.613,7.063,259.349,1.886,50.25,5,2.2,457.5,386.7,4.93,126.904,295.3,1008.4,7.76,20.9,2.66,53,5
MACa_0.125Sr_0.5Ba_0.125Pb_0.25I_3,B-site mixed,6.471569068,0.464326368,3.7586,0.004959209,0,0,0,1,0,0.125,0.5,0.125,0,0,0.25,0,0,3,2.17,267,180.65,0.7,32.066,8.684,926.3,6.13,23.85,2.55,73,7,1.23,1812.625,935.413,4.75,117.786,-82.5,590.213,7.36,149.784,1.294,49,5.25,2.2,457.5,386.7,4.93,126.904,295.3,1008.4,7.76,20.9,2.66,53,5
MABa_0.25Ge_0.125Sn_0.625I_3,B-site mixed,6.493818823,0.425268926,2.2962,0.106840566,0,0,0,1,0,0,0,0.25,0.125,0.625,0,0,0,3,2.17,267,180.65,0.7,32.066,8.684,926.3,6.13,23.85,2.55,73,7,1.183,2705.375,717.638,6.131,117.602,77.625,663.862,10.477,258.319,1.699,49.25,5.125,2.2,457.5,386.7,4.93,126.904,295.3,1008.4,7.76,20.9,2.66,53,5
MACa_0.25Sr_0.25Ba_0.125Pb_0.375Br_3,B-site mixed,6.004395768,-0.048727969,4.4124,0.003050997,0,0,0,1,0,0.25,0.25,0.125,0,0,0.375,0,3,0,2.17,267,180.65,0.7,32.066,8.684,926.3,6.13,23.85,2.55,73,7,1.189,1871.375,888.994,5.727,126.791,-46.25,616,6.972,157.13,1.473,52.25,5.25,1.96,331.85,265.95,3.12,79.904,324.6,1139.9,5.286,14.725,2.96,35,4
MACa_0.375Ge_0.5Pb_0.125Br_3,B-site mixed,5.845380682,-0.086282339,3.1339,0.022343057,0,0,0,1,0,0.375,0,0,0.5,0,0.125,0,3,0,2.17,267,180.65,0.7,32.066,8.684,926.3,6.13,23.85,2.55,73,7,0.959,2465.25,1097.831,4.66,77.234,15.25,691.663,19.695,247.389,1.671,33.75,4.25,1.96,331.85,265.95,3.12,79.904,324.6,1139.9,5.286,14.725,2.96,35,4
MACa_0.125Sr_0.25Ba_0.125Sn_0.125Pb_0.375Br_3,B-site mixed,6.00402713,-0.033027693,3.7528,0.005605093,0,0,0,1,0,0.125,0.25,0.125,0,0.125,0.375,0,3,0,2.17,267,180.65,0.7,32.066,8.684,926.3,6.13,23.85,2.55,73,7,1.208,2011.25,813.134,6.447,136.62,-11.625,630.85,6.806,174.093,1.593,56,5.375,1.96,331.85,265.95,3.12,79.904,324.6,1139.9,5.286,14.725,2.96,35,4
MACa_0.5Ba_0.125Sn_0.25Pb_0.125Br_3,B-site mixed,5.930694109,-0.059963128,3.9511,0.005022481,0,0,0,1,0,0.5,0,0.125,0,0.25,0.125,0,3,0,2.17,267,180.65,0.7,32.066,8.684,926.3,6.13,23.85,2.55,73,7,1.114,2110.125,882.611,4.47,92.783,-40.5,624.35,7.662,189.69,1.392,39.75,4.75,1.96,331.85,265.95,3.12,79.904,324.6,1139.9,5.286,14.725,2.96,35,4
MACa_0.5Ba_0.125Pb_0.375Cl_3,B-site mixed,5.672303745,-0.073618048,5.2918,0.001418195,0,0,0,1,0,0.5,0,0.125,0,0,0.375,3,0,0,2.17,267,180.65,0.7,32.066,8.684,926.3,6.13,23.85,2.55,73,7,1.124,1896.875,906.494,5.48,114.905,-43.25,626.075,7.055,161.572,1.485,47.75,5,1.81,239.18,172.17,3.214,35.453,348.8,1251.1,3.21,10.2,3.16,17,3
MACa_0.25Sr_0.25Ge_0.375Pb_0.125Cl_3,B-site mixed,5.57227737,0.052064741,4.66,0.002269352,0,0,0,1,0,0.25,0.25,0,0.375,0,0.125,3,0,0,2.17,267,180.65,0.7,32.066,8.684,926.3,6.13,23.85,2.55,73,7,1.04,2271,1067.894,4.436,85.053,-22.25,660.05,16.704,220.493,1.532,36.75,4.5,1.81,239.18,172.17,3.214,35.453,348.8,1251.1,3.21,10.2,3.16,17,3
MASr_0.25Ba_0.125Ge_0.375Sn_0.25Cl_3,B-site mixed,5.702486245,-0.024512839,3.6576,0.008077388,0,0,0,1,0,0,0.25,0.125,0.375,0.25,0,3,0,0,2.17,267,180.65,0.7,32.066,8.684,926.3,6.13,23.85,2.55,73,7,1.106,2557.625,966.342,4.906,95.978,26.75,663.175,16.776,249.705,1.593,41,4.75,1.81,239.18,172.17,3.214,35.453,348.8,1251.1,3.21,10.2,3.16,17,3
MACa_0.125Sn_0.5Pb_0.375Cl_3,B-site mixed,5.781514675,-0.140484294,3.5808,0.004931509,0,0,0,1,0,0.125,0,0,0,0.5,0.375,3,0,0,2.17,267,180.65,0.7,32.066,8.684,926.3,6.13,23.85,2.55,73,7,1.146,2416.25,616.804,8.105,142.065,82.25,696.337,6.455,231.231,1.979,58.25,5.25,1.81,239.18,172.17,3.214,35.453,348.8,1251.1,3.21,10.2,3.16,17,3
RbSr_0.125Sn_0.25Pb_0.625I_3,B-site mixed,6.408458894,2.487772538,1.9178,0.134675079,0,1,0,0,0,0,0.125,0,0,0.25,0.625,0,0,3,1.61,961,312.63,1.532,85.468,46.89,403,2.34,69.2,0.82,37,5,1.189,2190.25,631.936,9.239,170.13,78,693.025,5.806,200.892,2.065,68.5,5.625,2.2,457.5,386.7,4.93,126.904,295.3,1008.4,7.76,20.9,2.66,53,5
RbCa_0.125Sr_0.25Sn_0.125Pb_0.5I_3,B-site mixed,6.344556357,2.497568583,2.2445,0.107291986,0,1,0,0,0,0.125,0.25,0,0,0.125,0.5,0,0,3,1.61,961,312.63,1.532,85.468,46.89,403,2.34,69.2,0.82,37,5,1.179,2004.375,762.965,7.417,145.353,8.625,657.425,6.401,178.805,1.772,59.25,5.375,2.2,457.5,386.7,4.93,126.904,295.3,1008.4,7.76,20.9,2.66,53,5
RbCa_0.125Sr_0.25Ba_0.25Sn_0.25Pb_0.125I_3,B-site mixed,6.429276829,2.606272809,3.0359,0.022878307,0,1,0,0,0,0.125,0.25,0.25,0,0.25,0.125,0,0,3,1.61,961,312.63,1.532,85.468,46.89,403,2.34,69.2,0.82,37,5,1.231,2124.75,851.361,4.973,116.825,-30.5,603.413,7.515,183.439,1.366,48.75,5.25,2.2,457.5,386.7,4.93,126.904,295.3,1008.4,7.76,20.9,2.66,53,5
RbGe_0.75Sn_0.125Pb_0.125I_3,B-site mixed,6.165487613,2.478964135,1.2472,0.1573539,0,1,0,0,0,0,0,0,0.75,0.125,0.125,0,0,3,1.61,961,312.63,1.532,85.468,46.89,403,2.34,69.2,0.82,37,5,0.945,2942.625,1046.846,6.323,95.196,118.875,749.588,25.346,309.259,2.044,40.5,4.375,2.2,457.5,386.7,4.93,126.904,295.3,1008.4,7.76,20.9,2.66,53,5
RbSr_0.5Ge_0.125Sn_0.25Pb_0.125I_3,B-site mixed,6.26653969,2.518639087,3.2074,0.022795875,0,1,0,0,0,0,0.5,0,0.125,0.25,0.125,0,0,3,1.61,961,312.63,1.532,85.468,46.89,403,2.34,69.2,0.82,37,5,1.175,2187.75,873.799,5.181,108.464,-25,636.6,10.471,205.068,1.508,45.75,5,2.2,457.5,386.7,4.93,126.904,295.3,1008.4,7.76,20.9,2.66,53,5
RbCa_0.25Ge_0.25Sn_0.375Pb_0.125Br_3,B-site mixed,5.787779733,0.002071356,2.2064,0.114995548,0,1,0,0,0,0.25,0,0,0.25,0.375,0.125,0,3,0,1.61,961,312.63,1.532,85.468,46.89,403,2.34,69.2,0.82,37,5,1.047,2547.375,845.376,5.878,98.588,50.125,693.138,13.379,253.369,1.779,42,4.625,1.96,331.85,265.95,3.12,79.904,324.6,1139.9,5.286,14.725,2.96,35,4
RbSr_0.25Ba_0.25Sn_0.125Pb_0.375Br_3,B-site mixed,5.980429397,0.288588139,3.6573,0.006085964,0,1,0,0,0,0,0.25,0.25,0,0.125,0.375,0,3,0,1.61,961,312.63,1.532,85.468,46.89,403,2.34,69.2,0.82,37,5,1.26,2051.375,799.384,6.702,148.776,1.375,619.987,6.741,172.284,1.579,60.5,5.625,1.96,331.85,265.95,3.12,79.904,324.6,1139.9,5.286,14.725,2.96,35,4
RbSr_0.25Ba_0.25Ge_0.25Pb_0.25Br_3,B-site mixed,5.894977017,0.292226301,3.8671,0.005777913,0,1,0,0,0,0,0.25,0.25,0.25,0,0.25,0,3,0,1.61,961,312.63,1.532,85.468,46.89,403,2.34,69.2,0.82,37,5,1.185,2215.75,964.038,5.7,126.19,2.5,632.5,13.195,197.325,1.545,52,5.25,1.96,331.85,265.95,3.12,79.904,324.6,1139.9,5.286,14.725,2.96,35,4
RbCa_0.375Ge_0.125Pb_0.5Br_3,B-site mixed,5.8087347,0.02914156,2.888,0.045077183,0,1,0,0,0,0.375,0,0,0.125,0,0.5,0,3,0,1.61,961,312.63,1.532,85.468,46.89,403,2.34,69.2,0.82,37,5,1.079,2058.75,868.763,6.921,127.706,11.5,674.188,9.559,188.739,1.791,52.5,5,1.96,331.85,265.95,3.12,79.904,324.6,1139.9,5.286,14.725,2.96,35,4
RbCa_0.125Sr_0.5Pb_0.375Br_3,B-site mixed,5.925788518,0.147946963,4.5032,0.003113573,0,1,0,0,0,0.125,0.5,0,0,0,0.375,0,3,0,1.61,961,312.63,1.532,85.468,46.89,403,2.34,69.2,0.82,37,5,1.201,1805.75,885.244,5.72,126.52,-62.25,616.788,6.955,154.496,1.474,52.25,5.25,1.96,331.85,265.95,3.12,79.904,324.6,1139.9,5.286,14.725,2.96,35,4
RbCa_0.5Sr_0.25Ge_0.125Sn_0.125Cl_3,B-site mixed,5.482913555,0.021144611,4.4997,0.002001582,0,1,0,0,0,0.5,0.25,0,0.125,0.125,0,3,0,0,1.61,961,312.63,1.532,85.468,46.89,403,2.34,69.2,0.82,37,5,1.067,2040.125,1031.078,2.989,65.859,-89.875,616.113,11.19,189.644,1.234,29.75,4.375,1.81,239.18,172.17,3.214,35.453,348.8,1251.1,3.21,10.2,3.16,17,3
RbCa_0.25Sr_0.125Ge_0.125Sn_0.25Pb_0.25Cl_3,B-site mixed,5.530833886,0.033799336,3.2691,0.019725502,0,1,0,0,0,0.25,0.125,0,0.125,0.25,0.25,3,0,0,1.61,961,312.63,1.532,85.468,46.89,403,2.34,69.2,0.82,37,5,1.101,2259.25,836.13,6.035,111.526,12.75,667.425,10.125,214.635,1.692,46.75,4.875,1.81,239.18,172.17,3.214,35.453,348.8,1251.1,3.21,10.2,3.16,17,3
RbCa_0.125Ba_0.625Ge_0.125Sn_0.125Cl_3,B-site mixed,5.823609136,0.535312195,3.8759,0.002256412,0,1,0,0,0,0.125,0,0.625,0.125,0.125,0,3,0,0,1.61,961,312.63,1.532,85.468,46.89,403,2.34,69.2,0.82,37,5,1.265,2266.25,979.827,4.016,114.756,-21.875,571.875,10.947,185.043,1.177,47.75,5.375,1.81,239.18,172.17,3.214,35.453,348.8,1251.1,3.21,10.2,3.16,17,3
RbBa_0.75Sn_0.25Cl_3,B-site mixed,5.910253441,0.553044572,4.0563,0.00205015,0,1,0,0,0,0,0,0.75,0,0.25,0,3,0,0,1.61,961,312.63,1.532,85.468,46.89,403,2.34,69.2,0.82,37,5,1.353,2277.5,877.78,4.52,132.675,-8.75,554.325,7.808,177.743,1.157,54.5,5.75,1.81,239.18,172.17,3.214,35.453,348.8,1251.1,3.21,10.2,3.16,17,3
RbCa_0.375Ba_0.25Ge_0.375Cl_3,B-site mixed,5.533284935,0.282697108,4.2559,0.002624018,0,1,0,0,0,0.375,0,0.25,0.375,0,0,3,0,0,1.61,961,312.63,1.532,85.468,46.89,403,2.34,69.2,0.82,37,5,1.056,2343.5,1121.813,3.474,76.59,-26.5,632.688,17.126,218.414,1.351,33.5,4.5,1.81,239.18,172.17,3.214,35.453,348.8,1251.1,3.21,10.2,3.16,17,3
KSr_0.625Ba_0.25Pb_0.125I_3,B-site mixed,6.511701562,3.060375301,4.062,0.003061087,1,0,0,0,0,0,0.625,0.25,0,0,0.125,0,0,3,1.51,1033,336.8,0.86,39.098,48.36,418.8,2.33,76.9,0.82,19,4,1.291,1806.75,976.831,3.904,114.995,-104.25,558.6,7.724,142.85,1.107,48,5.375,2.2,457.5,386.7,4.93,126.904,295.3,1008.4,7.76,20.9,2.66,53,5
KCa_0.5Ba_0.125Ge_0.375Cl_3,B-site mixed,5.427282952,2.83951297,4.6029,0.002318073,1,0,0,0,0,0.5,0,0.125,0.375,0,0,3,0,0,1.51,1033,336.8,0.86,39.098,48.36,418.8,2.33,76.9,0.82,19,4,1.004,2303.375,1135.563,3.219,64.434,-39.5,643.55,17.191,220.222,1.365,29,4.25,1.81,239.18,172.17,3.214,35.453,348.8,1251.1,3.21,10.2,3.16,17,3
FABa_0.125Ge_0.125Sn_0.75I_3,B-site mixed,6.636988331,-0.552646077,2.7725,0.04527018,0,0,0,0,1,0,0,0.125,0.125,0.75,0,0,0,3,2.53,319,354,1.1,45.057,8.6,849.1,6.5,29,2.57,91,8,1.149,2805.125,655.528,6.596,115.275,99.25,689.575,10.376,277.09,1.833,48.5,5,2.2,457.5,386.7,4.93,126.904,295.3,1008.4,7.76,20.9,2.66,53,5
FASr_0.375Ba_0.125Pb_0.5Br_3,B-site mixed,6.101200462,-0.652630572,4.4184,0.00334613,0,0,0,0,1,0,0.375,0.125,0,0,0.5,0,3,0,2.53,319,354,1.1,45.057,8.6,849.1,6.5,29,2.57,91,8,1.245,1891.875,816.325,7.076,153.624,-14.5,626.675,6.461,157.813,1.633,62.25,5.625,1.96,331.85,265.95,3.12,79.904,324.6,1139.9,5.286,14.725,2.96,35,4
FABa_0.375Ge_0.25Pb_0.375Br_3,B-site mixed,6.101200462,-0.694744225,3.8938,0.003862569,0,0,0,0,1,0,0,0.375,0.25,0,0.375,0,3,0,2.53,319,354,1.1,45.057,8.6,849.1,6.5,29,2.57,91,8,1.196,2314.625,903.869,6.932,147.351,51.75,647.425,12.742,202.863,1.71,59.75,5.5,1.96,331.85,265.95,3.12,79.904,324.6,1139.9,5.286,14.725,2.96,35,4
FACa_0.25Sr_0.125Pb_0.625Br_3,B-site mixed,6.139303066,-0.703482192,3.738,0.006802902,0,0,0,0,1,0.25,0.125,0,0,0,0.625,0,3,0,2.53,319,354,1.1,45.057,8.6,849.1,6.5,29,2.57,91,8,1.151,1910.5,783.656,7.799,150.472,8.75,663.325,6.139,166.968,1.825,61,5.375,1.96,331.85,265.95,3.12,79.904,324.6,1139.9,5.286,14.725,2.96,35,4
FABa_0.5Ge_0.125Sn_0.25Pb_0.125Br_3,B-site mixed,6.104844992,-0.732705776,3.7436,0.007312543,0,0,0,0,1,0,0,0.5,0.125,0.25,0.125,0,3,0,2.53,319,354,1.1,45.057,8.6,849.1,6.5,29,2.57,91,8,1.255,2399.25,853.799,5.706,133.319,33,613.3,10.376,206.718,1.478,54.75,5.5,1.96,331.85,265.95,3.12,79.904,324.6,1139.9,5.286,14.725,2.96,35,4
MASr_0.25Ba_0.25Ge_0.375Sn_0.125I_3,B-site mixed,6.322841696,0.546545496,3.0204,0.031029537,0,0,0,1,0,0,0.25,0.25,0.375,0.125,0,0,0,3,2.17,267,180.65,0.7,32.066,8.684,926.3,6.13,23.85,2.55,73,7,1.14,2457.875,1028.453,4.441,98.305,5.125,637.463,16.878,230.934,1.459,41.75,4.875,2.2,457.5,386.7,4.93,126.904,295.3,1008.4,7.76,20.9,2.66,53,5
MACa_0.125Sr_0.125Ba_0.125Ge_0.125Pb_0.5I_3,B-site mixed,6.440998628,0.492158978,2.8399,0.03904382,0,0,0,1,0,0.125,0.125,0.125,0.125,0,0.5,0,0,3,2.17,267,180.65,0.7,32.066,8.684,926.3,6.13,23.85,2.55,73,7,1.164,2086.125,846.263,7.3,145.805,23,658.287,9.452,184.709,1.771,59.25,5.375,2.2,457.5,386.7,4.93,126.904,295.3,1008.4,7.76,20.9,2.66,53,5
MACa_0.25Ba_0.375Sn_0.25Pb_0.125Br_3,B-site mixed,6.05576892,0.050979597,3.4893,0.007558658,0,0,0,1,0,0.25,0,0.375,0,0.25,0.125,0,3,0,2.17,267,180.65,0.7,32.066,8.684,926.3,6.13,23.85,2.55,73,7,1.219,2190.375,855.111,4.98,117.096,-14.5,602.625,7.533,186.072,1.365,48.75,5.25,1.96,331.85,265.95,3.12,79.904,324.6,1139.9,5.286,14.725,2.96,35,4
MACa_0.125Ge_0.375Sn_0.5Cl_3,B-site mixed,5.73892963,-0.184469623,3.36,0.011091708,0,0,0,1,0,0.125,0,0,0.375,0.5,0,3,0,0,2.17,267,180.65,0.7,32.066,8.684,926.3,6.13,23.85,2.55,73,7,1.026,2822.75,845.872,5.844,91.594,86,713.813,16.591,289.881,1.859,39.5,4.5,1.81,239.18,172.17,3.214,35.453,348.8,1251.1,3.21,10.2,3.16,17,3
FACa_0.375Ge_0.375Pb_0.25I_3,B-site mixed,6.464675738,-0.435244751,2.9514,0.027574907,0,0,0,0,1,0.375,0,0,0.375,0,0.25,0,0,3,2.53,319,354,1.1,45.057,8.6,849.1,6.5,29,2.57,91,8,0.999,2329.75,1021.475,5.414,94.058,14,685.837,16.316,227.839,1.711,40,4.5,2.2,457.5,386.7,4.93,126.904,295.3,1008.4,7.76,20.9,2.66,53,5
CsBa_0.125Ge_0.875I_3,B-site mixed,6.15272924,0.135157873,1.605,0.158221533,0,0,1,0,0,0,0,0.125,0.875,0,0,0,0,3,1.74,944,301.54,1.87,132.905,45.49,375.7,2.092,67.74,0.79,55,6,0.939,2978.375,1185.313,5.104,80.7,98.5,729.7,28.826,310.037,1.87,35,4.25,2.2,457.5,386.7,4.93,126.904,295.3,1008.4,7.76,20.9,2.66,53,5
CsSn_0.5Pb_0.5I_3,B-site mixed,6.427286327,0.001605718,1.6539,0.143323076,0,0,1,0,0,0,0,0,0,0.5,0.5,0,0,3,1.74,944,301.54,1.87,132.905,45.49,375.7,2.092,67.74,0.79,55,6,1.17,2449.5,552.885,9.33,162.955,115.5,712.05,5.985,234.135,2.145,66,5.5,2.2,457.5,386.7,4.93,126.904,295.3,1008.4,7.76,20.9,2.66,53,5
CsSr_0.125Ba_0.875Br_3,B-site mixed,6.30960982,0.289085806,5.1008,0.001011454,0,0,1,0,0,0,0.125,0.875,0,0,0,0,3,0,1.74,944,301.54,1.87,132.905,45.49,375.7,2.092,67.74,0.79,55,6,1.4,2025.125,1007,3.459,131.116,-66.5,508.725,8.034,139.787,0.898,53.75,5.875,1.96,331.85,265.95,3.12,79.904,324.6,1139.9,5.286,14.725,2.96,35,4
CsBa_0.875Sn_0.125Cl_3,B-site mixed,6.004353567,2.076505997,4.4177,0.00140454,0,0,1,0,0,0,0,0.875,0,0.125,0,3,0,0,1.74,944,301.54,1.87,132.905,45.49,375.7,2.092,67.74,0.79,55,6,1.386,2177.75,939.89,4.055,135.002,-30.375,528.612,7.909,158.971,1.024,55.25,5.875,1.81,239.18,172.17,3.214,35.453,348.8,1251.1,3.21,10.2,3.16,17,3
FAGe_0.5Pb_0.5Br_3,B-site mixed,6.25818541,-0.843158764,3.7607,0.005133215,0,0,0,0,1,0,0,0,0.5,0,0.5,0,3,0,2.53,319,354,1.1,45.057,8.6,849.1,6.5,29,2.57,91,8,1.03,2565,906.075,8.335,139.905,115,738.8,18.285,256.1,2.17,57,5,1.96,331.85,265.95,3.12,79.904,324.6,1139.9,5.286,14.725,2.96,35,4
KCa_0.875Ge_0.125I_3,B-site mixed,6.154438847,2.907593811,3.9002,0.005600227,1,0,0,0,0,0.875,0,0,0.125,0,0,0,0,3,1.51,1033,336.8,0.86,39.098,48.36,418.8,2.33,76.9,0.82,19,4,0.984,1925.75,1124.438,2.021,44.145,-121.5,611.337,11.439,177.124,1.126,21.5,4,2.2,457.5,386.7,4.93,126.904,295.3,1008.4,7.76,20.9,2.66,53,5
KCa_0.875Ba_0.125I_3,B-site mixed,6.258238925,2.971554412,4.1623,0.002603261,1,0,0,0,0,0.875,0,0.125,0,0,0,0,0,3,1.51,1033,336.8,0.86,39.098,48.36,418.8,2.33,76.9,0.82,19,4,1.052,1797.125,1098.25,1.805,52.235,-143,578.937,8.465,152.861,0.986,24.5,4.25,2.2,457.5,386.7,4.93,126.904,295.3,1008.4,7.76,20.9,2.66,53,5
KSn_0.875Pb_0.125Br_3,B-site mixed,5.953463408,0.267958192,1.4921,0.121842003,1,0,0,0,0,0,0,0,0,0.875,0.125,0,3,0,1.51,1033,336.8,0.86,39.098,48.36,418.8,2.33,76.9,0.82,19,4,1.155,2769.375,517.061,7.815,129.771,119.625,709.462,6.896,276.311,2.006,54,5.125,1.96,331.85,265.95,3.12,79.904,324.6,1139.9,5.286,14.725,2.96,35,4
KBa_0.5Pb_0.5Br_3,B-site mixed,6.052765535,0.605524687,4.0646,0.003714112,1,0,0,0,0,0,0,0.5,0,0,0.5,0,3,0,1.51,1033,336.8,0.86,39.098,48.36,418.8,2.33,76.9,0.82,19,4,1.305,2050.5,801.325,7.47,172.265,29,609.2,6.39,159.05,1.61,69,6,1.96,331.85,265.95,3.12,79.904,324.6,1139.9,5.286,14.725,2.96,35,4
KCa_0.5Ba_0.5Br_3,B-site mixed,6.010763355,0.518825085,4.8118,0.001106461,1,0,0,0,0,0.5,0,0.5,0,0,0,0,3,0,1.51,1033,336.8,0.86,39.098,48.36,418.8,2.33,76.9,0.82,19,4,1.21,1917.5,1057,2.57,88.704,-104,546.35,8.27,147.435,0.945,38,5,1.96,331.85,265.95,3.12,79.904,324.6,1139.9,5.286,14.725,2.96,35,4
KBa_0.875Ge_0.125Cl_3,B-site mixed,5.93984983,3.41458364,4.5807,0.001329114,1,0,0,0,0,0,0,0.875,0.125,0,0,3,0,0,1.51,1033,336.8,0.86,39.098,48.36,418.8,2.33,76.9,0.82,19,4,1.351,2206.625,1028.188,3.806,129.24,-30.5,535.3,10.984,164.462,1.03,53,5.75,1.81,239.18,172.17,3.214,35.453,348.8,1251.1,3.21,10.2,3.16,17,3
KSr_0.125Ge_0.875Cl_3,B-site mixed,5.353512715,2.724612997,2.1302,0.103826533,1,0,0,0,0,0,0.125,0,0.875,0,0,3,0,0,1.51,1033,336.8,0.86,39.098,48.36,418.8,2.33,76.9,0.82,19,4,0.919,2925.5,1190.313,4.973,74.486,84,735.525,28.85,309.625,1.877,32.75,4.125,1.81,239.18,172.17,3.214,35.453,348.8,1251.1,3.21,10.2,3.16,17,3
KSr_0.875Ba_0.125Cl_3,B-site mixed,5.730086062,3.013034826,5.6418,0.000532279,1,0,0,0,0,0,0.875,0.125,0,0,0,3,0,0,1.51,1033,336.8,0.86,39.098,48.36,418.8,2.33,76.9,0.82,19,4,1.28,1707.875,1037,2.671,93.834,-153.5,543.675,8.176,137.313,0.942,40.25,5.125,1.81,239.18,172.17,3.214,35.453,348.8,1251.1,3.21,10.2,3.16,17,3
MACa_0.125Sn_0.875I_3,B-site mixed,6.551709459,0.404511737,2.8925,0.028942805,0,0,0,1,0,0.125,0,0,0,0.875,0,0,0,3,2.17,267,180.65,0.7,32.066,8.684,926.3,6.13,23.85,2.55,73,7,1.131,2736.125,580.98,6.59,108.881,86.375,693.75,7.366,273.408,1.84,46.25,4.875,2.2,457.5,386.7,4.93,126.904,295.3,1008.4,7.76,20.9,2.66,53,5
MASr_0.5Ge_0.5I_3,B-site mixed,6.232681519,0.527150504,3.4319,0.013577037,0,0,0,1,0,0,0.5,0,0.5,0,0,0,0,3,2.17,267,180.65,0.7,32.066,8.684,926.3,6.13,23.85,2.55,73,7,1.065,2381,1126.75,3.93,80.115,-24,655.8,20,235.6,1.48,35,4.5,2.2,457.5,386.7,4.93,126.904,295.3,1008.4,7.76,20.9,2.66,53,5
MASr_0.5Sn_0.5Br_3,B-site mixed,5.960270012,-0.039481308,3.942,0.005972856,0,0,0,1,0,0,0.5,0,0,0.5,0,0,3,0,2.17,267,180.65,0.7,32.066,8.684,926.3,6.13,23.85,2.55,73,7,1.205,2265.5,773.56,4.925,103.165,-23.5,629.05,7.7,213.635,1.455,44,5,1.96,331.85,265.95,3.12,79.904,324.6,1139.9,5.286,14.725,2.96,35,4
MABa_0.125Pb_0.875Br_3,B-site mixed,6.106581845,-0.071405957,3.4887,0.009011624,0,0,0,1,0,0,0,0.125,0,0,0.875,0,3,0,2.17,267,180.65,0.7,32.066,8.684,926.3,6.13,23.85,2.55,73,7,1.219,2029.875,650.819,10.38,198.466,89.75,688.925,5.175,173.188,2.15,78.75,6,1.96,331.85,265.95,3.12,79.904,324.6,1139.9,5.286,14.725,2.96,35,4
MACa_0.5Pb_0.5Cl_3,B-site mixed,5.633913974,-0.119249528,5.3219,0.001519824,0,0,0,1,0,0.5,0,0,0,0,0.5,3,0,0,2.17,267,180.65,0.7,32.066,8.684,926.3,6.13,23.85,2.55,73,7,1.095,1890,856.325,6.45,123.639,-23,652.65,6.65,166.285,1.665,51,5,1.81,239.18,172.17,3.214,35.453,348.8,1251.1,3.21,10.2,3.16,17,3
RbGe_0.875Sn_0.125I_3,B-site mixed,6.116533542,2.444745671,1.1452,0.15892871,0,1,0,0,0,0,0,0,0.875,0.125,0,0,0,3,1.61,961,312.63,1.532,85.468,46.89,403,2.34,69.2,0.82,37,5,0.905,3078.125,1123.203,5.569,78.373,120.125,755.413,28.725,328.809,2.004,34.25,4.125,2.2,457.5,386.7,4.93,126.904,295.3,1008.4,7.76,20.9,2.66,53,5
RbBa_0.5Sn_0.5I_3,B-site mixed,6.420205092,2.617103542,3.3389,0.026296692,0,1,0,0,0,0,0,0.5,0,0.5,0,0,0,3,1.61,961,312.63,1.532,85.468,46.89,403,2.34,69.2,0.82,37,5,1.285,2477,753.56,5.45,128.02,34.5,605.75,7.605,215.285,1.425,53,5.5,2.2,457.5,386.7,4.93,126.904,295.3,1008.4,7.76,20.9,2.66,53,5
RbCa_0.125Sr_0.875I_3,B-site mixed,6.425367772,2.494069441,4.2726,0.002214684,0,1,0,0,0,0.125,0.875,0,0,0,0,0,0,3,1.61,961,312.63,1.532,85.468,46.89,403,2.34,69.2,0.82,37,5,1.228,1667.75,1050.75,2.416,81.677,-166.5,554.538,8.241,139.121,0.956,35.75,4.875,2.2,457.5,386.7,4.93,126.904,295.3,1008.4,7.76,20.9,2.66,53,5
RbCa_0.875Sn_0.125Br_3,B-site mixed,5.74111688,-0.017452816,4.2034,0.002588252,0,1,0,0,0,0.875,0,0,0,0.125,0,0,3,0,1.61,961,312.63,1.532,85.468,46.89,403,2.34,69.2,0.82,37,5,1.019,1896.875,1036.14,2.27,49.907,-121.375,604.65,8.364,171.632,1.12,23.75,4.125,1.96,331.85,265.95,3.12,79.904,324.6,1139.9,5.286,14.725,2.96,35,4
RbCa_0.125Ba_0.875Br_3,B-site mixed,6.26517754,0.551539749,4.8001,0.001057132,0,1,0,0,0,0.125,0,0.875,0,0,0,0,3,0,1.61,961,312.63,1.532,85.468,46.89,403,2.34,69.2,0.82,37,5,1.367,2037.875,1015.75,3.335,125.174,-65,513.762,8.075,142.009,0.904,51.5,5.75,1.96,331.85,265.95,3.12,79.904,324.6,1139.9,5.286,14.725,2.96,35,4
RbSn_0.125Pb_0.875Br_3,B-site mixed,6.011476102,0.061565259,2.3197,0.077270557,0,1,0,0,0,0,0,0,0,0.125,0.875,0,3,0,1.61,961,312.63,1.532,85.468,46.89,403,2.34,69.2,0.82,37,5,1.185,2129.625,588.709,10.845,196.139,111.375,714.638,5.074,191.959,2.284,78,5.875,1.96,331.85,265.95,3.12,79.904,324.6,1139.9,5.286,14.725,2.96,35,4
RbSr_0.875Ge_0.125Cl_3,B-site mixed,5.639349068,0.199763206,4.867,0.001193517,0,1,0,0,0,0,0.875,0,0.125,0,0,3,0,0,1.61,961,312.63,1.532,85.468,46.89,403,2.34,69.2,0.82,37,5,1.211,1836.5,1063.188,2.888,85.744,-132,576.075,11.15,161.575,1.083,37.25,4.875,1.81,239.18,172.17,3.214,35.453,348.8,1251.1,3.21,10.2,3.16,17,3
RbCa_0.875Sr_0.125Cl_3,B-site mixed,5.463621437,-0.073953453,6.1855,0.000522647,0,1,0,0,0,0.875,0.125,0,0,0,0,3,0,0,1.61,961,312.63,1.532,85.468,46.89,403,2.34,69.2,0.82,37,5,1.032,1744.25,1103.25,1.674,46.021,-157.5,584.762,8.489,152.449,0.994,22.25,4.125,1.81,239.18,172.17,3.214,35.453,348.8,1251.1,3.21,10.2,3.16,17,3
RbGe_0.875Pb_0.125Cl_3,B-site mixed,5.416984898,0.021024564,1.9714,0.097212375,0,1,0,0,0,0,0,0,0.875,0,0.125,3,0,0,1.61,961,312.63,1.532,85.468,46.89,403,2.34,69.2,0.82,37,5,0.91,2971.5,1135.144,6.074,89.434,118.75,756.275,28.421,314.75,2.05,38.25,4.25,1.81,239.18,172.17,3.214,35.453,348.8,1251.1,3.21,10.2,3.16,17,3
CsSr_0.25Ba_0.25Ge_0.25Sn_0.125Pb_0.125I_3,B-site mixed,6.314919121,0.167024343,2.9839,0.028694457,0,0,1,0,0,0,0.25,0.25,0.25,0.125,0.125,0,0,3,1.74,944,301.54,1.87,132.905,45.49,375.7,2.092,67.74,0.79,55,6,1.18,2322.375,952.096,5.195,115.129,3.875,631.638,13.499,211.384,1.499,48,5.125,2.2,457.5,386.7,4.93,126.904,295.3,1008.4,7.76,20.9,2.66,53,5
CsSr_0.25Ba_0.75I_3,B-site mixed,6.705625492,0.250106192,4.4297,0.002204502,0,0,1,0,0,0,0.25,0.75,0,0,0,0,0,3,1.74,944,301.54,1.87,132.905,45.49,375.7,2.092,67.74,0.79,55,6,1.38,1972.25,1012,3.327,124.903,-81,514.55,8.058,139.375,0.905,51.5,5.75,2.2,457.5,386.7,4.93,126.904,295.3,1008.4,7.76,20.9,2.66,53,5
CsCa_0.25Sr_0.5Ge_0.125Pb_0.125Br_3,B-site mixed,5.891339693,-0.080139003,4.3487,0.00297543,0,0,1,0,0,0.25,0.5,0,0.125,0,0.125,0,3,0,1.74,944,301.54,1.87,132.905,45.49,375.7,2.092,67.74,0.79,55,6,1.137,1908,1025.519,3.741,88.806,-94.25,606.9,10.804,171.143,1.268,38.25,4.75,1.96,331.85,265.95,3.12,79.904,324.6,1139.9,5.286,14.725,2.96,35,4
CsSr_0.25Ge_0.75Cl_3,B-site mixed,5.440212665,1.625158629,2.6047,0.06872215,0,0,1,0,0,0,0.25,0,0.75,0,0,3,0,0,1.74,944,301.54,1.87,132.905,45.49,375.7,2.092,67.74,0.79,55,6,0.968,2744,1169.125,4.625,76.362,48,708.95,25.9,284.95,1.745,33.5,4.25,1.81,239.18,172.17,3.214,35.453,348.8,1251.1,3.21,10.2,3.16,17,3
CsSr_0.125Ba_0.625Ge_0.125Sn_0.125Cl_3,B-site mixed,5.866241706,2.013954152,4.1126,0.002099122,0,0,1,0,0,0,0.125,0.625,0.125,0.125,0,3,0,0,1.74,944,301.54,1.87,132.905,45.49,375.7,2.092,67.74,0.79,55,6,1.297,2253.5,971.077,4.14,120.699,-23.375,566.837,10.906,182.821,1.171,50,5.5,1.81,239.18,172.17,3.214,35.453,348.8,1251.1,3.21,10.2,3.16,17,3
CsSr_0.125Sn_0.875I_3,B-site mixed,6.369667212,-0.067571564,1.3911,0.153479639,0,0,1,0,0,0,0.125,0,0,0.875,0,0,0,3,1.74,944,301.54,1.87,132.905,45.49,375.7,2.092,67.74,0.79,55,6,1.164,2723.375,572.23,6.714,114.824,84.875,688.712,7.325,271.186,1.834,48.5,5,2.2,457.5,386.7,4.93,126.904,295.3,1008.4,7.76,20.9,2.66,53,5
CsCa_0.875Pb_0.125Br_3,B-site mixed,5.781924092,-0.218056596,5.0758,0.001961213,0,0,1,0,0,0.875,0,0,0,0,0.125,0,3,0,1.74,944,301.54,1.87,132.905,45.49,375.7,2.092,67.74,0.79,55,6,1.024,1790.25,1048.081,2.775,60.968,-122.75,605.512,8.06,157.574,1.166,27.75,4.25,1.96,331.85,265.95,3.12,79.904,324.6,1139.9,5.286,14.725,2.96,35,4
CsGe_0.5Sn_0.5Br_3,B-site mixed,5.830458528,-0.203285276,1.4924,0.12758509,0,0,1,0,0,0,0,0,0.5,0.5,0,0,3,0,1.74,944,301.54,1.87,132.905,45.49,375.7,2.092,67.74,0.79,55,6,1.01,2991.5,858.31,6.315,95.66,120.5,735.35,19.5,312.335,1.985,41,4.5,1.96,331.85,265.95,3.12,79.904,324.6,1139.9,5.286,14.725,2.96,35,4
CsGe_0.125Sn_0.875Cl_3,B-site mixed,5.652020478,1.512009284,1.7891,0.111234601,0,0,1,0,0,0,0,0,0.125,0.875,0,3,0,0,1.74,944,301.54,1.87,132.905,45.49,375.7,2.092,67.74,0.79,55,6,1.115,2904.875,593.418,7.061,112.947,120.875,715.288,10.275,295.861,1.966,47.75,4.875,1.81,239.18,172.17,3.214,35.453,348.8,1251.1,3.21,10.2,3.16,17,3
CsGe_0.125Pb_0.875Cl_3,B-site mixed,5.725337542,1.55566472,2.9044,0.027707903,0,0,1,0,0,0,0,0,0.125,0,0.875,3,0,0,1.74,944,301.54,1.87,132.905,45.49,375.7,2.092,67.74,0.79,55,6,1.15,2158.5,677.006,10.596,190.376,111.25,721.325,8.149,197.45,2.29,75.75,5.75,1.81,239.18,172.17,3.214,35.453,348.8,1251.1,3.21,10.2,3.16,17,3
KCa_0.125Ge_0.875I_3,B-site mixed,6.051284787,2.876020099,1.4589,0.159258735,1,0,0,0,0,0.125,0,0,0.875,0,0,0,0,3,1.51,1033,336.8,0.86,39.098,48.36,418.8,2.33,76.9,0.82,19,4,0.886,2938.25,1199.063,4.849,68.543,85.5,740.563,28.891,311.846,1.884,30.5,4,2.2,457.5,386.7,4.93,126.904,295.3,1008.4,7.76,20.9,2.66,53,5
FACa_0.125Sr_0.375Ba_0.125Sn_0.125Pb_0.25I_3,B-site mixed,6.485559731,-0.432507318,3.3981,0.01492203,0,0,0,0,1,0.125,0.375,0.125,0,0.125,0.25,0,0,3,2.53,319,354,1.1,45.057,8.6,849.1,6.5,29,2.57,91,8,1.216,1965.25,868.303,5.346,121.672,-46.375,610.1,7.235,168.968,1.42,50.5,5.25,2.2,457.5,386.7,4.93,126.904,295.3,1008.4,7.76,20.9,2.66,53,5
FACa_0.25Sr_0.125Ba_0.125Ge_0.375Pb_0.125Br_3,B-site mixed,6.097101865,-0.632718319,3.8608,0.00507207,0,0,0,0,1,0.25,0.125,0.125,0.375,0,0.125,0,3,0,2.53,319,354,1.1,45.057,8.6,849.1,6.5,29,2.57,91,8,1.06,2323.875,1062.894,4.567,91.267,-7.75,654.225,16.68,220.905,1.525,39,4.625,1.96,331.85,265.95,3.12,79.904,324.6,1139.9,5.286,14.725,2.96,35,4
FACa_0.125Pb_0.875I_3,B-site mixed,6.551626184,-0.395601771,2.8675,0.045671068,0,0,0,0,1,0.125,0,0,0,0,0.875,0,0,3,2.53,319,354,1.1,45.057,8.6,849.1,6.5,29,2.57,91,8,1.166,1989.75,664.569,10.125,186.31,76.75,699.788,5.24,174.996,2.164,74.25,5.75,2.2,457.5,386.7,4.93,126.904,295.3,1008.4,7.76,20.9,2.66,53,5
MABa_0.125Sn_0.875I_3,B-site mixed,6.5550263,0.42447928,2.5825,0.061310961,0,0,0,1,0,0,0,0.125,0,0.875,0,0,0,3,2.17,267,180.65,0.7,32.066,8.684,926.3,6.13,23.85,2.55,73,7,1.184,2776.25,567.23,6.845,121.037,99.375,682.887,7.301,271.599,1.826,50.75,5.125,2.2,457.5,386.7,4.93,126.904,295.3,1008.4,7.76,20.9,2.66,53,5
MABa_0.5Ge_0.5Br_3,B-site mixed,5.950700757,0.116076422,4.0873,0.005432929,0,0,0,1,0,0,0,0.5,0.5,0,0,0,3,0,2.17,267,180.65,0.7,32.066,8.684,926.3,6.13,23.85,2.55,73,7,1.145,2592.5,1106.75,4.455,104.97,34,632.5,19.905,237.25,1.45,44,5,1.96,331.85,265.95,3.12,79.904,324.6,1139.9,5.286,14.725,2.96,35,4
MASr_0.5Pb_0.5Cl_3,B-site mixed,5.733602225,-0.068710869,5.3125,0.001496462,0,0,0,1,0,0,0.5,0,0,0,0.5,3,0,0,2.17,267,180.65,0.7,32.066,8.684,926.3,6.13,23.85,2.55,73,7,1.225,1839,821.325,6.945,147.41,-29,632.5,6.485,157.4,1.64,60,5.5,1.81,239.18,172.17,3.214,35.453,348.8,1251.1,3.21,10.2,3.16,17,3
MASr_0.125Pb_0.875Cl_3,B-site mixed,5.777915145,-0.113313271,3.9631,0.002705824,0,0,0,1,0,0,0.125,0,0,0,0.875,3,0,0,2.17,267,180.65,0.7,32.066,8.684,926.3,6.13,23.85,2.55,73,7,1.199,1977,655.819,10.249,192.252,75.25,694.75,5.199,172.775,2.158,76.5,5.875,1.81,239.18,172.17,3.214,35.453,348.8,1251.1,3.21,10.2,3.16,17,3
FABa_0.125Ge_0.625Sn_0.25Cl_3,B-site mixed,6.047057001,-1.059322149,4.2976,0.001712026,0,0,0,0,1,0,0,0.125,0.625,0.25,0,3,0,0,2.53,319,354,1.1,45.057,8.6,849.1,6.5,29,2.57,91,8,1.009,2920.625,1008.717,5.601,92.225,98.75,716.325,22.676,299.055,1.857,39.5,4.5,1.81,239.18,172.17,3.214,35.453,348.8,1251.1,3.21,10.2,3.16,17,3
FACa_0.5Sn_0.5Cl_3,B-site mixed,5.864678343,-0.88916868,4.7414,0.001969311,0,0,0,0,1,0.5,0,0,0,0.5,0,3,0,0,2.53,319,354,1.1,45.057,8.6,849.1,6.5,29,2.57,91,8,1.075,2316.5,808.56,4.43,79.394,-17.5,649.2,7.865,222.52,1.48,35,4.5,1.81,239.18,172.17,3.214,35.453,348.8,1251.1,3.21,10.2,3.16,17,3
FASr_0.875Pb_0.125I_3,B-site mixed,6.530914315,-0.499450727,4.071,0.003380782,0,0,0,0,1,0,0.875,0,0,0,0.125,0,0,3,2.53,319,354,1.1,45.057,8.6,849.1,6.5,29,2.57,91,8,1.251,1701,986.831,3.641,102.567,-133.25,570.25,7.771,142.025,1.123,43.5,5.125,2.2,457.5,386.7,4.93,126.904,295.3,1008.4,7.76,20.9,2.66,53,5
FACa_0.5Sr_0.5Cl_3,B-site mixed,5.840761976,-0.695329255,6.1242,0.000353751,0,0,0,0,1,0.5,0.5,0,0,0,0,3,0,0,2.53,319,354,1.1,45.057,8.6,849.1,6.5,29,2.57,91,8,1.13,1706,1077,2.045,63.849,-162,569.65,8.365,145.785,0.975,29,4.5,1.81,239.18,172.17,3.214,35.453,348.8,1251.1,3.21,10.2,3.16,17,3
FASr_0.875Sn_0.125Br_3,B-site mixed,6.1200836,-0.6456509,4.3582,0.00249213,0,0,0,0,1,0,0.875,0,0,0.125,0,0,3,0,2.53,319,354,1.1,45.057,8.6,849.1,6.5,29,2.57,91,8,1.246,1807.625,974.89,3.136,91.506,-131.875,569.388,8.075,156.084,1.076,39.5,5,1.96,331.85,265.95,3.12,79.904,324.6,1139.9,5.286,14.725,2.96,35,4
FACa_0.25Sr_0.125Sn_0.375Pb_0.25Cl_3,B-site mixed,5.938020184,-0.894706687,3.5589,0.008865385,0,0,0,0,1,0.25,0.125,0,0,0.375,0.25,3,0,0,2.53,319,354,1.1,45.057,8.6,849.1,6.5,29,2.57,91,8,1.136,2230.375,747.833,6.284,117.288,12.875,660.737,7.05,209.144,1.686,49,5,1.81,239.18,172.17,3.214,35.453,348.8,1251.1,3.21,10.2,3.16,17,3
FASr_0.5Ba_0.5Cl_3,B-site mixed,5.94548921,-0.847430707,6.2361,0.000216507,0,0,0,0,1,0,0.5,0.5,0,0,0,3,0,0,2.53,319,354,1.1,45.057,8.6,849.1,6.5,29,2.57,91,8,1.34,1866.5,1022,3.065,112.475,-110,526.2,8.105,138.55,0.92,47,5.5,1.81,239.18,172.17,3.214,35.453,348.8,1251.1,3.21,10.2,3.16,17,3
FABa_0.5Sn_0.375Pb_0.125Cl_3,B-site mixed,5.879448125,-0.862618666,4.3813,0.002882132,0,0,0,0,1,0,0,0.5,0,0.375,0.125,3,0,0,2.53,319,354,1.1,45.057,8.6,849.1,6.5,29,2.57,91,8,1.29,2370.375,765.501,5.955,139.081,33.125,606.612,7.301,201.226,1.471,57,5.625,1.81,239.18,172.17,3.214,35.453,348.8,1251.1,3.21,10.2,3.16,17,3
FASr_0.125Ba_0.125Ge_0.125Sn_0.25Pb_0.375Cl_3,B-site mixed,5.935043618,-1.02557999,4.2032,0.001093958,0,0,0,0,1,0,0.125,0.125,0.125,0.25,0.375,3,0,0,2.53,319,354,1.1,45.057,8.6,849.1,6.5,29,2.57,91,8,1.177,2332.625,758.461,7.515,144.572,59,672.275,9.59,215.73,1.845,59,5.375,1.81,239.18,172.17,3.214,35.453,348.8,1251.1,3.21,10.2,3.16,17,3
FACa_0.5Ge_0.5Br_3,B-site mixed,6.035314638,-0.723747323,4.2431,0.003610873,0,0,0,0,1,0.5,0,0,0.5,0,0,0,3,0,2.53,319,354,1.1,45.057,8.6,849.1,6.5,29,2.57,91,8,0.935,2432,1161.75,3.435,56.344,-18,675.95,20.165,244.485,1.505,26,4,1.96,331.85,265.95,3.12,79.904,324.6,1139.9,5.286,14.725,2.96,35,4
CsPbI_0.75Br_2.25,X-site mixed,6.19722233,0.067129914,3.4171,0.006436453,0,0,1,0,0,0,0,0,0,0,1,0,2.25,0.75,1.74,944,301.54,1.87,132.905,45.49,375.7,2.092,67.74,0.79,55,6,1.19,2023,600.65,11.35,207.2,110,715.5,4.77,177.9,2.33,82,6,2.02,363.262,296.137,3.573,91.654,317.275,1107.025,5.904,16.269,2.885,39.5,4.25
CsSnBr_0.375Cl_2.625,X-site mixed,5.842606123,1.245396086,4.2423,0.003310033,0,0,1,0,0,0,0,0,0,1,0,2.625,0.375,0,1.74,944,301.54,1.87,132.905,45.49,375.7,2.092,67.74,0.79,55,6,1.15,2876,505.12,7.31,118.71,121,708.6,7.2,290.37,1.96,50,5,1.829,250.764,183.893,3.202,41.009,345.775,1237.2,3.47,10.766,3.135,19.25,3.125
FAGeBr_1.875Cl_1.125,X-site mixed,6.203058176,-1.130335337,4.1846,0.002200186,0,0,0,0,1,0,0,0,1,0,0,1.125,1.875,0,2.53,319,354,1.1,45.057,8.6,849.1,6.5,29,2.57,91,8,0.87,3107,1211.5,5.32,72.61,120,762.1,31.8,334.3,2.01,32,4,1.904,297.099,230.782,3.155,63.235,333.675,1181.6,4.507,13.028,3.035,28.25,3.625
RbSrBr_1.5Cl_1.5,X-site mixed,5.851458835,0.230213999,5.2789,0.000742943,0,1,0,0,0,0,1,0,0,0,0,1.5,1.5,0,1.61,961,312.63,1.532,85.468,46.89,403,2.34,69.2,0.82,37,5,1.26,1655,1042,2.54,87.62,-168,549.5,8.2,136.9,0.95,38,5,1.885,285.515,219.06,3.167,57.678,336.7,1195.5,4.248,12.462,3.06,26,3.5
KCaI_1.875Br_1.125,X-site mixed,6.024390313,1.940362266,4.242,0.002109778,1,0,0,0,0,1,0,0,0,0,0,0,1.125,1.875,1.51,1033,336.8,0.86,39.098,48.36,418.8,2.33,76.9,0.82,19,4,1,1757,1112,1.55,40.078,-156,589.8,8.53,154.67,1,20,4,2.11,410.381,341.419,4.251,109.279,306.287,1057.712,6.832,18.584,2.773,46.25,4.625
FAGeI_2.25Br_0.75,X-site mixed,6.580690646,-0.726721509,3.2422,0.012801122,0,0,0,0,1,0,0,0,1,0,0,0,0.75,2.25,2.53,319,354,1.1,45.057,8.6,849.1,6.5,29,2.57,91,8,0.87,3107,1211.5,5.32,72.61,120,762.1,31.8,334.3,2.01,32,4,2.14,426.088,356.512,4.478,115.154,302.625,1041.275,7.142,19.356,2.735,48.5,4.75
KSrI_1.875Br_1.125,X-site mixed,6.284596555,2.072662557,4.1602,0.001895961,1,0,0,0,0,0,1,0,0,0,0,0,1.125,1.875,1.51,1033,336.8,0.86,39.098,48.36,418.8,2.33,76.9,0.82,19,4,1.26,1655,1042,2.54,87.62,-168,549.5,8.2,136.9,0.95,38,5,2.11,410.381,341.419,4.251,109.279,306.287,1057.712,6.832,18.584,2.773,46.25,4.625
MASnI_2.25Br_0.75,X-site mixed,6.632640363,0.263828687,3.1778,0.011060252,0,0,0,1,0,0,0,0,0,1,0,0,0.75,2.25,2.17,267,180.65,0.7,32.066,8.684,926.3,6.13,23.85,2.55,73,7,1.15,2876,505.12,7.31,118.71,121,708.6,7.2,290.37,1.96,50,5,2.14,426.088,356.512,4.478,115.154,302.625,1041.275,7.142,19.356,2.735,48.5,4.75
RbGeBr_1.125Cl_1.875,X-site mixed,5.877945833,-0.155877698,4.3112,0.011952245,0,1,0,0,0,0,0,0,1,0,0,1.875,1.125,0,1.61,961,312.63,1.532,85.468,46.89,403,2.34,69.2,0.82,37,5,0.87,3107,1211.5,5.32,72.61,120,762.1,31.8,334.3,2.01,32,4,1.866,273.931,207.337,3.179,52.122,339.725,1209.4,3.988,11.897,3.085,23.75,3.375
RbPbI_0.75Br_2.25,X-site mixed,6.043165899,0.716376289,3.3944,0.006776332,0,1,0,0,0,0,0,0,0,0,1,0,2.25,0.75,1.61,961,312.63,1.532,85.468,46.89,403,2.34,69.2,0.82,37,5,1.19,2023,600.65,11.35,207.2,110,715.5,4.77,177.9,2.33,82,6,2.02,363.262,296.137,3.573,91.654,317.275,1107.025,5.904,16.269,2.885,39.5,4.25
MABaBr_0.375Cl_2.625,X-site mixed,6.073258712,0.22243093,5.9017,0.000542041,0,0,0,1,0,0,0,1,0,0,0,2.625,0.375,0,2.17,267,180.65,0.7,32.066,8.684,926.3,6.13,23.85,2.55,73,7,1.42,2078,1002,3.59,137.33,-52,502.9,8.01,140.2,0.89,56,6,1.829,250.764,183.893,3.202,41.009,345.775,1237.2,3.47,10.766,3.135,19.25,3.125
CsSnI_2.625Br_0.375,X-site mixed,6.497744283,-0.011989148,3.2733,0.008864863,0,0,1,0,0,0,0,0,0,1,0,0,0.375,2.625,1.74,944,301.54,1.87,132.905,45.49,375.7,2.092,67.74,0.79,55,6,1.15,2876,505.12,7.31,118.71,121,708.6,7.2,290.37,1.96,50,5,2.17,441.794,371.606,4.704,121.029,298.963,1024.837,7.451,20.128,2.697,50.75,4.875
RbSnBr_2.625Cl_0.375,X-site mixed,5.931094761,0.046446556,1.4467,0.122904746,0,1,0,0,0,0,0,0,0,1,0,0.375,2.625,0,1.61,961,312.63,1.532,85.468,46.89,403,2.34,69.2,0.82,37,5,1.15,2876,505.12,7.31,118.71,121,708.6,7.2,290.37,1.96,50,5,1.941,320.266,254.227,3.132,74.348,327.625,1153.8,5.026,14.159,2.985,32.75,3.875
RbSnI_1.5Br_1.5,X-site mixed,6.287812074,1.14211049,3.4711,0.012667376,0,1,0,0,0,0,0,0,0,1,0,0,1.5,1.5,1.61,961,312.63,1.532,85.468,46.89,403,2.34,69.2,0.82,37,5,1.15,2876,505.12,7.31,118.71,121,708.6,7.2,290.37,1.96,50,5,2.08,394.675,326.325,4.025,103.404,309.95,1074.15,6.523,17.813,2.81,44,4.5
MASnI_1.875Br_1.125,X-site mixed,6.605485652,0.135376104,3.3556,0.006585223,0,0,0,1,0,0,0,0,0,1,0,0,1.125,1.875,2.17,267,180.65,0.7,32.066,8.684,926.3,6.13,23.85,2.55,73,7,1.15,2876,505.12,7.31,118.71,121,708.6,7.2,290.37,1.96,50,5,2.11,410.381,341.419,4.251,109.279,306.287,1057.712,6.832,18.584,2.773,46.25,4.625
FACaBr_0.375Cl_2.625,X-site mixed,5.781659232,-0.867518301,5.7001,0.000515539,0,0,0,0,1,1,0,0,0,0,0,2.625,0.375,0,2.53,319,354,1.1,45.057,8.6,849.1,6.5,29,2.57,91,8,1,1757,1112,1.55,40.078,-156,589.8,8.53,154.67,1,20,4,1.829,250.764,183.893,3.202,41.009,345.775,1237.2,3.47,10.766,3.135,19.25,3.125
FAGeI_1.875Br_1.125,X-site mixed,6.530819587,-0.769700162,3.2762,0.011418179,0,0,0,0,1,0,0,0,1,0,0,0,1.125,1.875,2.53,319,354,1.1,45.057,8.6,849.1,6.5,29,2.57,91,8,0.87,3107,1211.5,5.32,72.61,120,762.1,31.8,334.3,2.01,32,4,2.11,410.381,341.419,4.251,109.279,306.287,1057.712,6.832,18.584,2.773,46.25,4.625
CsSnI_2.25Br_0.75,X-site mixed,6.291032004,-0.038974341,1.0902,0.151015118,0,0,1,0,0,0,0,0,0,1,0,0,0.75,2.25,1.74,944,301.54,1.87,132.905,45.49,375.7,2.092,67.74,0.79,55,6,1.15,2876,505.12,7.31,118.71,121,708.6,7.2,290.37,1.96,50,5,2.14,426.088,356.512,4.478,115.154,302.625,1041.275,7.142,19.356,2.735,48.5,4.75
MASnBr_2.25Cl_0.75,X-site mixed,6.264916844,-0.201119617,4.0157,0.000996725,0,0,0,1,0,0,0,0,0,1,0,0.75,2.25,0,2.17,267,180.65,0.7,32.066,8.684,926.3,6.13,23.85,2.55,73,7,1.15,2876,505.12,7.31,118.71,121,708.6,7.2,290.37,1.96,50,5,1.923,308.683,242.505,3.143,68.791,330.65,1167.7,4.767,13.594,3.01,30.5,3.75
KSrBr_1.5Cl_1.5,X-site mixed,5.837112691,1.716300468,5.107,0.00078293,1,0,0,0,0,0,1,0,0,0,0,1.5,1.5,0,1.51,1033,336.8,0.86,39.098,48.36,418.8,2.33,76.9,0.82,19,4,1.26,1655,1042,2.54,87.62,-168,549.5,8.2,136.9,0.95,38,5,1.885,285.515,219.06,3.167,57.678,336.7,1195.5,4.248,12.462,3.06,26,3.5
MASnBr_0.375Cl_2.625,X-site mixed,6.087970235,-0.296461592,4.3634,0.000557153,0,0,0,1,0,0,0,0,0,1,0,2.625,0.375,0,2.17,267,180.65,0.7,32.066,8.684,926.3,6.13,23.85,2.55,73,7,1.15,2876,505.12,7.31,118.71,121,708.6,7.2,290.37,1.96,50,5,1.829,250.764,183.893,3.202,41.009,345.775,1237.2,3.47,10.766,3.135,19.25,3.125
KSrI_1.5Br_1.5,X-site mixed,6.22865716,1.760345956,4.2801,0.001722943,1,0,0,0,0,0,1,0,0,0,0,0,1.5,1.5,1.51,1033,336.8,0.86,39.098,48.36,418.8,2.33,76.9,0.82,19,4,1.26,1655,1042,2.54,87.62,-168,549.5,8.2,136.9,0.95,38,5,2.08,394.675,326.325,4.025,103.404,309.95,1074.15,6.523,17.813,2.81,44,4.5
MABaI_1.125Br_1.875,X-site mixed,6.45566915,0.298928658,4.8506,0.001291056,0,0,0,1,0,0,0,1,0,0,0,0,1.875,1.125,2.17,267,180.65,0.7,32.066,8.684,926.3,6.13,23.85,2.55,73,7,1.42,2078,1002,3.59,137.33,-52,502.9,8.01,140.2,0.89,56,6,2.05,378.969,311.231,3.799,97.529,313.613,1090.587,6.214,17.041,2.848,41.75,4.375
MASnI_2.625Br_0.375,X-site mixed,6.672528273,0.333240052,3.1136,0.012469414,0,0,0,1,0,0,0,0,0,1,0,0,0.375,2.625,2.17,267,180.65,0.7,32.066,8.684,926.3,6.13,23.85,2.55,73,7,1.15,2876,505.12,7.31,118.71,121,708.6,7.2,290.37,1.96,50,5,2.17,441.794,371.606,4.704,121.029,298.963,1024.837,7.451,20.128,2.697,50.75,4.875
FAPbBr_2.625Cl_0.375,X-site mixed,6.181434345,-0.7963476,3.8532,0.003065427,0,0,0,0,1,0,0,0,0,0,1,0.375,2.625,0,2.53,319,354,1.1,45.057,8.6,849.1,6.5,29,2.57,91,8,1.19,2023,600.65,11.35,207.2,110,715.5,4.77,177.9,2.33,82,6,1.941,320.266,254.227,3.132,74.348,327.625,1153.8,5.026,14.159,2.985,32.75,3.875
FASrBr_0.375Cl_2.625,X-site mixed,5.860910909,-0.917678445,5.8959,0.000397757,0,0,0,0,1,0,1,0,0,0,0,2.625,0.375,0,2.53,319,354,1.1,45.057,8.6,849.1,6.5,29,2.57,91,8,1.26,1655,1042,2.54,87.62,-168,549.5,8.2,136.9,0.95,38,5,1.829,250.764,183.893,3.202,41.009,345.775,1237.2,3.47,10.766,3.135,19.25,3.125
FASnBr_1.875Cl_1.125,X-site mixed,6.36574553,-1.077333387,3.9045,0.002339302,0,0,0,0,1,0,0,0,0,1,0,1.125,1.875,0,2.53,319,354,1.1,45.057,8.6,849.1,6.5,29,2.57,91,8,1.15,2876,505.12,7.31,118.71,121,708.6,7.2,290.37,1.96,50,5,1.904,297.099,230.782,3.155,63.235,333.675,1181.6,4.507,13.028,3.035,28.25,3.625
FACaI_1.5Br_1.5,X-site mixed,6.134628912,-0.60740081,4.8798,0.001225521,0,0,0,0,1,1,0,0,0,0,0,0,1.5,1.5,2.53,319,354,1.1,45.057,8.6,849.1,6.5,29,2.57,91,8,1,1757,1112,1.55,40.078,-156,589.8,8.53,154.67,1,20,4,2.08,394.675,326.325,4.025,103.404,309.95,1074.15,6.523,17.813,2.81,44,4.5
FABaBr_1.875Cl_1.125,X-site mixed,6.26620885,-0.678980964,5.5089,0.000563012,0,0,0,0,1,0,0,1,0,0,0,1.125,1.875,0,2.53,319,354,1.1,45.057,8.6,849.1,6.5,29,2.57,91,8,1.42,2078,1002,3.59,137.33,-52,502.9,8.01,140.2,0.89,56,6,1.904,297.099,230.782,3.155,63.235,333.675,1181.6,4.507,13.028,3.035,28.25,3.625
FASnBr_0.75Cl_2.25,X-site mixed,6.244730553,-1.160524459,3.8822,0.002857725,0,0,0,0,1,0,0,0,0,1,0,2.25,0.75,0,2.53,319,354,1.1,45.057,8.6,849.1,6.5,29,2.57,91,8,1.15,2876,505.12,7.31,118.71,121,708.6,7.2,290.37,1.96,50,5,1.847,262.348,195.615,3.191,46.566,342.75,1223.3,3.729,11.331,3.11,21.5,3.25
FAPbBr_0.375Cl_2.625,X-site mixed,5.981934222,-1.038919704,4.1289,0.002013919,0,0,0,0,1,0,0,0,0,0,1,2.625,0.375,0,2.53,319,354,1.1,45.057,8.6,849.1,6.5,29,2.57,91,8,1.19,2023,600.65,11.35,207.2,110,715.5,4.77,177.9,2.33,82,6,1.829,250.764,183.893,3.202,41.009,345.775,1237.2,3.47,10.766,3.135,19.25,3.125
FABaI_2.625Br_0.375,X-site mixed,6.73301512,-0.548591198,4.7594,0.001152555,0,0,0,0,1,0,0,1,0,0,0,0,0.375,2.625,2.53,319,354,1.1,45.057,8.6,849.1,6.5,29,2.57,91,8,1.42,2078,1002,3.59,137.33,-52,502.9,8.01,140.2,0.89,56,6,2.17,441.794,371.606,4.704,121.029,298.963,1024.837,7.451,20.128,2.697,50.75,4.875
MAPbI_1.5Br_1.5,X-site mixed,6.307417699,0.219117031,3.2688,0.012807636,0,0,0,1,0,0,0,0,0,0,1,0,1.5,1.5,2.17,267,180.65,0.7,32.066,8.684,926.3,6.13,23.85,2.55,73,7,1.19,2023,600.65,11.35,207.2,110,715.5,4.77,177.9,2.33,82,6,2.08,394.675,326.325,4.025,103.404,309.95,1074.15,6.523,17.813,2.81,44,4.5
MAPbBr_2.25Cl_0.75,X-site mixed,6.100050227,0.03955422,3.641,0.004144029,0,0,0,1,0,0,0,0,0,0,1,0.75,2.25,0,2.17,267,180.65,0.7,32.066,8.684,926.3,6.13,23.85,2.55,73,7,1.19,2023,600.65,11.35,207.2,110,715.5,4.77,177.9,2.33,82,6,1.923,308.683,242.505,3.143,68.791,330.65,1167.7,4.767,13.594,3.01,30.5,3.75