KSnI_3,Pure,2.336383894,0.4865,0.158681172,1,0,0,0,0,0,0,0,0,1,0,0,0,3,1.51,1033,336.8,0.86,39.098,48.36,418.8,2.33,76.9,0.82,19,4,1.15,2876,505.12,7.31,118.71,121,708.6,7.2,290.37,1.96,50,5,2.2,457.5,386.7,4.93,126.904,295.3,1008.4,7.76,20.9,2.66,53,5
RbSnI_3,Pure,1.862141363,0.5257,0.158815039,0,1,0,0,0,0,0,0,0,1,0,0,0,3,1.61,961,312.63,1.532,85.468,46.89,403,2.34,69.2,0.82,37,5,1.15,2876,505.12,7.31,118.71,121,708.6,7.2,290.37,1.96,50,5,2.2,457.5,386.7,4.93,126.904,295.3,1008.4,7.76,20.9,2.66,53,5
RbGe_0.875Sn_0.125I_3,B-site mixed,1.958814356,0.7168,0.161170759,0,1,0,0,0,0,0,0,0.875,0.125,0,0,0,3,1.61,961,312.63,1.532,85.468,46.89,403,2.34,69.2,0.82,37,5,0.905,3078.125,1123.203,5.569,78.373,120.125,755.413,28.725,328.809,2.004,34.25,4.125,2.2,457.5,386.7,4.93,126.904,295.3,1008.4,7.76,20.9,2.66,53,5
CsSnI_3,Pure,-0.680531365,0.607,0.158688052,0,0,1,0,0,0,0,0,0,1,0,0,0,3,1.74,944,301.54,1.87,132.905,45.49,375.7,2.092,67.74,0.79,55,6,1.15,2876,505.12,7.31,118.71,121,708.6,7.2,290.37,1.96,50,5,2.2,457.5,386.7,4.93,126.904,295.3,1008.4,7.76,20.9,2.66,53,5
KGeI_3,Pure,2.406052621,0.8295,0.161211595,1,0,0,0,0,0,0,0,1,0,0,0,0,3,1.51,1033,336.8,0.86,39.098,48.36,418.8,2.33,76.9,0.82,19,4,0.87,3107,1211.5,5.32,72.61,120,762.1,31.8,334.3,2.01,32,4,2.2,457.5,386.7,4.93,126.904,295.3,1008.4,7.76,20.9,2.66,53,5
RbGe_0.75Sn_0.125Pb_0.125I_3,B-site mixed,1.961795043,0.7277,0.160902821,0,1,0,0,0,0,0,0,0.75,0.125,0.125,0,0,3,1.61,961,312.63,1.532,85.468,46.89,403,2.34,69.2,0.82,37,5,0.945,2942.625,1046.846,6.323,95.196,118.875,749.588,25.346,309.259,2.044,40.5,4.375,2.2,457.5,386.7,4.93,126.904,295.3,1008.4,7.76,20.9,2.66,53,5
RbGeI_3,Pure,1.961286406,0.8736,0.161218585,0,1,0,0,0,0,0,0,1,0,0,0,0,3,1.61,961,312.63,1.532,85.468,46.89,403,2.34,69.2,0.82,37,5,0.87,3107,1211.5,5.32,72.61,120,762.1,31.8,334.3,2.01,32,4,2.2,457.5,386.7,4.93,126.904,295.3,1008.4,7.76,20.9,2.66,53,5
CsGeI_3,Pure,-0.539847247,0.9291,0.161106813,0,0,1,0,0,0,0,0,1,0,0,0,0,3,1.74,944,301.54,1.87,132.905,45.49,375.7,2.092,67.74,0.79,55,6,0.87,3107,1211.5,5.32,72.61,120,762.1,31.8,334.3,2.01,32,4,2.2,457.5,386.7,4.93,126.904,295.3,1008.4,7.76,20.9,2.66,53,5
KSnBr_3,Pure,0.104087356,0.7924,0.146590263,1,0,0,0,0,0,0,0,0,1,0,0,3,0,1.51,1033,336.8,0.86,39.098,48.36,418.8,2.33,76.9,0.82,19,4,1.15,2876,505.12,7.31,118.71,121,708.6,7.2,290.37,1.96,50,5,1.96,331.85,265.95,3.12,79.904,324.6,1139.9,5.286,14.725,2.96,35,4
CsSnBr_3,Pure,-0.47347038,0.9126,0.14604421,0,0,1,0,0,0,0,0,0,1,0,0,3,0,1.74,944,301.54,1.87,132.905,45.49,375.7,2.092,67.74,0.79,55,6,1.15,2876,505.12,7.31,118.71,121,708.6,7.2,290.37,1.96,50,5,1.96,331.85,265.95,3.12,79.904,324.6,1139.9,5.286,14.725,2.96,35,4
CsSr_0.125Sn_0.875I_3,B-site mixed,-0.639031868,0.9699,0.152824914,0,0,1,0,0,0,0.125,0,0,0.875,0,0,0,3,1.74,944,301.54,1.87,132.905,45.49,375.7,2.092,67.74,0.79,55,6,1.164,2723.375,572.23,6.714,114.824,84.875,688.712,7.325,271.186,1.834,48.5,5,2.2,457.5,386.7,4.93,126.904,295.3,1008.4,7.76,20.9,2.66,53,5
RbSnBr_3,Pure,-0.142120896,0.8362,0.146636711,0,1,0,0,0,0,0,0,0,1,0,0,3,0,1.61,961,312.63,1.532,85.468,46.89,403,2.34,69.2,0.82,37,5,1.15,2876,505.12,7.31,118.71,121,708.6,7.2,290.37,1.96,50,5,1.96,331.85,265.95,3.12,79.904,324.6,1139.9,5.286,14.725,2.96,35,4
K_0.375Rb_0.25Cs_0.375SnBr_3,A-site mixed,-0.173621287,0.855,0.147155355,0.375,0.25,0.375,0,0,0,0,0,0,1,0,0,3,0,1.621,981.625,317.535,1.407,85.868,46.916,398.688,2.243,71.54,0.809,37,5,1.15,2876,505.12,7.31,118.71,121,708.6,7.2,290.37,1.96,50,5,1.96,331.85,265.95,3.12,79.904,324.6,1139.9,5.286,14.725,2.96,35,4
RbSnBr_2.625Cl_0.375,X-site mixed,-0.124087514,0.8912,0.147551384,0,1,0,0,0,0,0,0,0,1,0,0.375,2.625,0,1.61,961,312.63,1.532,85.468,46.89,403,2.34,69.2,0.82,37,5,1.15,2876,505.12,7.31,118.71,121,708.6,7.2,290.37,1.96,50,5,1.941,320.266,254.227,3.132,74.348,327.625,1153.8,5.026,14.159,2.985,32.75,3.875
KGeBr_3,Pure,-0.0014574,1.1039,0.15386819,1,0,0,0,0,0,0,0,1,0,0,0,3,0,1.51,1033,336.8,0.86,39.098,48.36,418.8,2.33,76.9,0.82,19,4,0.87,3107,1211.5,5.32,72.61,120,762.1,31.8,334.3,2.01,32,4,1.96,331.85,265.95,3.12,79.904,324.6,1139.9,5.286,14.725,2.96,35,4
KCa_0.125Ge_0.875I_3,B-site mixed,2.450765785,1.1573,0.159235155,1,0,0,0,0,0.125,0,0,0.875,0,0,0,0,3,1.51,1033,336.8,0.86,39.098,48.36,418.8,2.33,76.9,0.82,19,4,0.886,2938.25,1199.063,4.849,68.543,85.5,740.563,28.891,311.846,1.884,30.5,4,2.2,457.5,386.7,4.93,126.904,295.3,1008.4,7.76,20.9,2.66,53,5
RbGeBr_3,Pure,-0.210323481,1.1671,0.15223332,0,1,0,0,0,0,0,0,1,0,0,0,3,0,1.61,961,312.63,1.532,85.468,46.89,403,2.34,69.2,0.82,37,5,0.87,3107,1211.5,5.32,72.61,120,762.1,31.8,334.3,2.01,32,4,1.96,331.85,265.95,3.12,79.904,324.6,1139.9,5.286,14.725,2.96,35,4
KSn_0.875Pb_0.125Br_3,B-site mixed,0.101446166,0.8231,0.147943424,1,0,0,0,0,0,0,0,0,0.875,0.125,0,3,0,1.51,1033,336.8,0.86,39.098,48.36,418.8,2.33,76.9,0.82,19,4,1.155,2769.375,517.061,7.815,129.771,119.625,709.462,6.896,276.311,2.006,54,5.125,1.96,331.85,265.95,3.12,79.904,324.6,1139.9,5.286,14.725,2.96,35,4
CsGeBr_3,Pure,-0.478275148,1.2666,0.15066224,0,0,1,0,0,0,0,0,1,0,0,0,3,0,1.74,944,301.54,1.87,132.905,45.49,375.7,2.092,67.74,0.79,55,6,0.87,3107,1211.5,5.32,72.61,120,762.1,31.8,334.3,2.01,32,4,1.96,331.85,265.95,3.12,79.904,324.6,1139.9,5.286,14.725,2.96,35,4
CsBa_0.125Ge_0.875I_3,B-site mixed,-0.432671748,1.3521,0.158137385,0,0,1,0,0,0,0,0.125,0.875,0,0,0,0,3,1.74,944,301.54,1.87,132.905,45.49,375.7,2.092,67.74,0.79,55,6,0.939,2978.375,1185.313,5.104,80.7,98.5,729.7,28.826,310.037,1.87,35,4.25,2.2,457.5,386.7,4.93,126.904,295.3,1008.4,7.76,20.9,2.66,53,5
CsSn_0.5Pb_0.5I_3,B-site mixed,-0.663902338,0.74,0.157969236,0,0,1,0,0,0,0,0,0,0.5,0.5,0,0,3,1.74,944,301.54,1.87,132.905,45.49,375.7,2.092,67.74,0.79,55,6,1.17,2449.5,552.885,9.33,162.955,115.5,712.05,5.985,234.135,2.145,66,5.5,2.2,457.5,386.7,4.93,126.904,295.3,1008.4,7.76,20.9,2.66,53,5
KSr_0.375Ge_0.25Sn_0.25Pb_0.125I_3,B-site mixed,2.525971381,1.9397,0.108823503,1,0,0,0,0,0,0.375,0,0.25,0.25,0.125,0,0,3,1.51,1033,336.8,0.86,39.098,48.36,418.8,2.33,76.9,0.82,19,4,1.126,2369.25,894.986,5.529,106.588,11,663.175,13.421,229.743,1.64,45,4.875,2.2,457.5,386.7,4.93,126.904,295.3,1008.4,7.76,20.9,2.66,53,5
KSnCl_3,Pure,2.65095624,1.2244,0.131601542,1,0,0,0,0,0,0,0,0,1,0,3,0,0,1.51,1033,336.8,0.86,39.098,48.36,418.8,2.33,76.9,0.82,19,4,1.15,2876,505.12,7.31,118.71,121,708.6,7.2,290.37,1.96,50,5,1.81,239.18,172.17,3.214,35.453,348.8,1251.1,3.21,10.2,3.16,17,3
KGeCl_3,Pure,2.612452664,1.4863,0.124445883,1,0,0,0,0,0,0,0,1,0,0,3,0,0,1.51,1033,336.8,0.86,39.098,48.36,418.8,2.33,76.9,0.82,19,4,0.87,3107,1211.5,5.32,72.61,120,762.1,31.8,334.3,2.01,32,4,1.81,239.18,172.17,3.214,35.453,348.8,1251.1,3.21,10.2,3.16,17,3
RbSnCl_3,Pure,-0.09887335,1.2719,0.132482395,0,1,0,0,0,0,0,0,0,1,0,3,0,0,1.61,961,312.63,1.532,85.468,46.89,403,2.34,69.2,0.82,37,5,1.15,2876,505.12,7.31,118.71,121,708.6,7.2,290.37,1.96,50,5,1.81,239.18,172.17,3.214,35.453,348.8,1251.1,3.21,10.2,3.16,17,3
CsGe_0.125Sn_0.875Cl_3,B-site mixed,1.318118258,1.3435,0.132012233,0,0,1,0,0,0,0,0,0.125,0.875,0,3,0,0,1.74,944,301.54,1.87,132.905,45.49,375.7,2.092,67.74,0.79,55,6,1.115,2904.875,593.418,7.061,112.947,120.875,715.288,10.275,295.861,1.966,47.75,4.875,1.81,239.18,172.17,3.214,35.453,348.8,1251.1,3.21,10.2,3.16,17,3
KSr_0.25Ge_0.625Pb_0.125I_3,B-site mixed,2.521646647,1.5371,0.144531965,1,0,0,0,0,0,0.25,0,0.625,0,0.125,0,0,3,1.51,1033,336.8,0.86,39.098,48.36,418.8,2.33,76.9,0.82,19,4,1.007,2608.5,1092.769,5.379,93.186,46.75,703.125,22.521,265.4,1.785,39.75,4.5,2.2,457.5,386.7,4.93,126.904,295.3,1008.4,7.76,20.9,2.66,53,5
RbGeCl_3,Pure,-0.090083213,1.5629,0.11965612,0,1,0,0,0,0,0,0,1,0,0,3,0,0,1.61,961,312.63,1.532,85.468,46.89,403,2.34,69.2,0.82,37,5,0.87,3107,1211.5,5.32,72.61,120,762.1,31.8,334.3,2.01,32,4,1.81,239.18,172.17,3.214,35.453,348.8,1251.1,3.21,10.2,3.16,17,3
CsSnCl_3,Pure,1.305286259,1.3976,0.122370115,0,0,1,0,0,0,0,0,0,1,0,3,0,0,1.74,944,301.54,1.87,132.905,45.49,375.7,2.092,67.74,0.79,55,6,1.15,2876,505.12,7.31,118.71,121,708.6,7.2,290.37,1.96,50,5,1.81,239.18,172.17,3.214,35.453,348.8,1251.1,3.21,10.2,3.16,17,3
KCa_0.125Sr_0.25Ge_0.25Sn_0.125Pb_0.25I_3,B-site mixed,2.525035876,1.9953,0.114995985,1,0,0,0,0,0.125,0.25,0,0.25,0.125,0.25,0,0,3,1.51,1033,336.8,0.86,39.098,48.36,418.8,2.33,76.9,0.82,19,4,1.099,2275.375,915.678,5.91,111.706,11.125,669.075,13.159,217.905,1.692,46.75,4.875,2.2,457.5,386.7,4.93,126.904,295.3,1008.4,7.76,20.9,2.66,53,5
CsGeCl_3,Pure,1.385941484,1.6515,0.115476493,0,0,1,0,0,0,0,0,1,0,0,3,0,0,1.74,944,301.54,1.87,132.905,45.49,375.7,2.092,67.74,0.79,55,6,0.87,3107,1211.5,5.32,72.61,120,762.1,31.8,334.3,2.01,32,4,1.81,239.18,172.17,3.214,35.453,348.8,1251.1,3.21,10.2,3.16,17,3
RbSr_0.125Sn_0.25Pb_0.625I_3,B-site mixed,1.929987251,1.0248,0.155903956,0,1,0,0,0,0,0.125,0,0,0.25,0.625,0,0,3,1.61,961,312.63,1.532,85.468,46.89,403,2.34,69.2,0.82,37,5,1.189,2190.25,631.936,9.239,170.13,78,693.025,5.806,200.892,2.065,68.5,5.625,2.2,457.5,386.7,4.93,126.904,295.3,1008.4,7.76,20.9,2.66,53,5
RbGe_0.875Pb_0.125Cl_3,B-site mixed,-0.065746701,1.5783,0.122944019,0,1,0,0,0,0,0,0,0.875,0,0.125,3,0,0,1.61,961,312.63,1.532,85.468,46.89,403,2.34,69.2,0.82,37,5,0.91,2971.5,1135.144,6.074,89.434,118.75,756.275,28.421,314.75,2.05,38.25,4.25,1.81,239.18,172.17,3.214,35.453,348.8,1251.1,3.21,10.2,3.16,17,3
KSr_0.125Ge_0.875Cl_3,B-site mixed,2.687431402,1.9964,0.116883109,1,0,0,0,0,0,0.125,0,0.875,0,0,3,0,0,1.51,1033,336.8,0.86,39.098,48.36,418.8,2.33,76.9,0.82,19,4,0.919,2925.5,1190.313,4.973,74.486,84,735.525,28.85,309.625,1.877,32.75,4.125,1.81,239.18,172.17,3.214,35.453,348.8,1251.1,3.21,10.2,3.16,17,3
CsCa_0.125Ba_0.125Ge_0.25Sn_0.5Br_3,B-site mixed,-0.326084382,2.015,0.126878619,0,0,1,0,0,0.125,0,0.125,0.25,0.5,0,0,3,0,1.74,944,301.54,1.87,132.905,45.49,375.7,2.092,67.74,0.79,55,6,1.095,2694.125,819.685,5.627,99.684,64.5,681.412,13.617,265.619,1.719,42.5,4.75,1.96,331.85,265.95,3.12,79.904,324.6,1139.9,5.286,14.725,2.96,35,4
KPbI_3,Pure,2.393622385,0.9,0.160575146,1,0,0,0,0,0,0,0,0,0,1,0,0,3,1.51,1033,336.8,0.86,39.098,48.36,418.8,2.33,76.9,0.82,19,4,1.19,2023,600.65,11.35,207.2,110,715.5,4.77,177.9,2.33,82,6,2.2,457.5,386.7,4.93,126.904,295.3,1008.4,7.76,20.9,2.66,53,5
RbPbI_3,Pure,1.912040565,0.9119,0.160423853,0,1,0,0,0,0,0,0,0,0,1,0,0,3,1.61,961,312.63,1.532,85.468,46.89,403,2.34,69.2,0.82,37,5,1.19,2023,600.65,11.35,207.2,110,715.5,4.77,177.9,2.33,82,6,2.2,457.5,386.7,4.93,126.904,295.3,1008.4,7.76,20.9,2.66,53,5
CsPbI_3,Pure,-0.644546459,0.9373,0.160498391,0,0,1,0,0,0,0,0,0,0,1,0,0,3,1.74,944,301.54,1.87,132.905,45.49,375.7,2.092,67.74,0.79,55,6,1.19,2023,600.65,11.35,207.2,110,715.5,4.77,177.9,2.33,82,6,2.2,457.5,386.7,4.93,126.904,295.3,1008.4,7.76,20.9,2.66,53,5
KCa_0.25Sr_0.125Ge_0.25Pb_0.375I_3,B-site mixed,2.526334339,1.9822,0.115162106,1,0,0,0,0,0.25,0.125,0,0.25,0,0.375,0,0,3,1.51,1033,336.8,0.86,39.098,48.36,418.8,2.33,76.9,0.82,19,4,1.071,2181.5,936.369,6.291,116.824,11.25,674.975,12.896,206.068,1.745,48.5,4.875,2.2,457.5,386.7,4.93,126.904,295.3,1008.4,7.76,20.9,2.66,53,5
RbCa_0.25Ge_0.25Sn_0.375Pb_0.125Br_3,B-site mixed,-0.123399512,1.8765,0.137524152,0,1,0,0,0,0.25,0,0,0.25,0.375,0.125,0,3,0,1.61,961,312.63,1.532,85.468,46.89,403,2.34,69.2,0.82,37,5,1.047,2547.375,845.376,5.878,98.588,50.125,693.138,13.379,253.369,1.779,42,4.625,1.96,331.85,265.95,3.12,79.904,324.6,1139.9,5.286,14.725,2.96,35,4
RbCa_0.125Sr_0.25Sn_0.125Pb_0.5I_3,B-site mixed,1.994886155,1.7921,0.103387249,0,1,0,0,0,0.125,0.25,0,0,0.125,0.5,0,0,3,1.61,961,312.63,1.532,85.468,46.89,403,2.34,69.2,0.82,37,5,1.179,2004.375,762.965,7.417,145.353,8.625,657.425,6.401,178.805,1.772,59.25,5.375,2.2,457.5,386.7,4.93,126.904,295.3,1008.4,7.76,20.9,2.66,53,5
MABa_0.25Ge_0.125Sn_0.625I_3,B-site mixed,-0.025951451,1.9147,0.120817201,0,0,0,1,0,0,0,0.25,0.125,0.625,0,0,0,3,2.17,267,180.65,0.7,32.066,8.684,926.3,6.13,23.85,2.55,73,7,1.183,2705.375,717.638,6.131,117.602,77.625,663.862,10.477,258.319,1.699,49.25,5.125,2.2,457.5,386.7,4.93,126.904,295.3,1008.4,7.76,20.9,2.66,53,5
RbSn_0.125Pb_0.875Br_3,B-site mixed,-0.194187933,1.222,0.147792614,0,1,0,0,0,0,0,0,0,0.125,0.875,0,3,0,1.61,961,312.63,1.532,85.468,46.89,403,2.34,69.2,0.82,37,5,1.185,2129.625,588.709,10.845,196.139,111.375,714.638,5.074,191.959,2.284,78,5.875,1.96,331.85,265.95,3.12,79.904,324.6,1139.9,5.286,14.725,2.96,35,4
KSr_0.125Ba_0.125Ge_0.125Sn_0.125Pb_0.5Br_3,B-site mixed,0.219868143,1.8682,0.10295308,1,0,0,0,0,0,0.125,0.125,0.125,0.125,0.5,0,3,0,1.51,1033,336.8,0.86,39.098,48.36,418.8,2.33,76.9,0.82,19,4,1.182,2226,770.402,8.02,155.634,57.625,673.138,9.286,201.671,1.891,63,5.5,1.96,331.85,265.95,3.12,79.904,324.6,1139.9,5.286,14.725,2.96,35,4
KBa_0.25Ge_0.625Sn_0.125Cl_3,B-site mixed,2.91363037,2.3835,0.083703008,1,0,0,0,0,0,0,0.25,0.625,0.125,0,3,0,0,1.51,1033,336.8,0.86,39.098,48.36,418.8,2.33,76.9,0.82,19,4,1.042,2820.875,1070.828,5.136,94.553,77.125,690.613,22.777,280.284,1.724,40.25,4.625,1.81,239.18,172.17,3.214,35.453,348.8,1251.1,3.21,10.2,3.16,17,3
KPbBr_3,Pure,0.05539809,1.3705,0.150379807,1,0,0,0,0,0,0,0,0,0,1,0,3,0,1.51,1033,336.8,0.86,39.098,48.36,418.8,2.33,76.9,0.82,19,4,1.19,2023,600.65,11.35,207.2,110,715.5,4.77,177.9,2.33,82,6,1.96,331.85,265.95,3.12,79.904,324.6,1139.9,5.286,14.725,2.96,35,4
MAGeI_3,Pure,-0.065547746,1.7983,0.143924404,0,0,0,1,0,0,0,0,1,0,0,0,0,3,2.17,267,180.65,0.7,32.066,8.684,926.3,6.13,23.85,2.55,73,7,0.87,3107,1211.5,5.32,72.61,120,762.1,31.8,334.3,2.01,32,4,2.2,457.5,386.7,4.93,126.904,295.3,1008.4,7.76,20.9,2.66,53,5
RbPbBr_3,Pure,-0.202022583,1.3852,0.149538894,0,1,0,0,0,0,0,0,0,0,1,0,3,0,1.61,961,312.63,1.532,85.468,46.89,403,2.34,69.2,0.82,37,5,1.19,2023,600.65,11.35,207.2,110,715.5,4.77,177.9,2.33,82,6,1.96,331.85,265.95,3.12,79.904,324.6,1139.9,5.286,14.725,2.96,35,4
MASnI_3,Pure,-0.141503728,1.138,0.155259524,0,0,0,1,0,0,0,0,0,1,0,0,0,3,2.17,267,180.65,0.7,32.066,8.684,926.3,6.13,23.85,2.55,73,7,1.15,2876,505.12,7.31,118.71,121,708.6,7.2,290.37,1.96,50,5,2.2,457.5,386.7,4.93,126.904,295.3,1008.4,7.76,20.9,2.66,53,5
CsPbBr_3,Pure,-0.548591135,1.4188,0.150548492,0,0,1,0,0,0,0,0,0,0,1,0,3,0,1.74,944,301.54,1.87,132.905,45.49,375.7,2.092,67.74,0.79,55,6,1.19,2023,600.65,11.35,207.2,110,715.5,4.77,177.9,2.33,82,6,1.96,331.85,265.95,3.12,79.904,324.6,1139.9,5.286,14.725,2.96,35,4
MABa_0.125Sn_0.875I_3,B-site mixed,-0.08659602,1.4107,0.146762456,0,0,0,1,0,0,0,0.125,0,0.875,0,0,0,3,2.17,267,180.65,0.7,32.066,8.684,926.3,6.13,23.85,2.55,73,7,1.184,2776.25,567.23,6.845,121.037,99.375,682.887,7.301,271.599,1.826,50.75,5.125,2.2,457.5,386.7,4.93,126.904,295.3,1008.4,7.76,20.9,2.66,53,5
CsBa_0.25Pb_0.75I_3,B-site mixed,-0.717898623,1.7013,0.145530562,0,0,1,0,0,0,0,0.25,0,0,0.75,0,0,3,1.74,944,301.54,1.87,132.905,45.49,375.7,2.092,67.74,0.79,55,6,1.248,2036.75,700.987,9.41,189.732,69.5,662.35,5.58,168.475,1.97,75.5,6,2.2,457.5,386.7,4.93,126.904,295.3,1008.4,7.76,20.9,2.66,53,5
MAPbI_3,Pure,-0.127554022,1.5276,0.159600227,0,0,0,1,0,0,0,0,0,0,1,0,0,3,2.17,267,180.65,0.7,32.066,8.684,926.3,6.13,23.85,2.55,73,7,1.19,2023,600.65,11.35,207.2,110,715.5,4.77,177.9,2.33,82,6,2.2,457.5,386.7,4.93,126.904,295.3,1008.4,7.76,20.9,2.66,53,5
MACa_0.125Sn_0.75Pb_0.125I_3,B-site mixed,-0.08724757,1.2262,0.151212562,0,0,0,1,0,0.125,0,0,0,0.75,0.125,0,0,3,2.17,267,180.65,0.7,32.066,8.684,926.3,6.13,23.85,2.55,73,7,1.136,2629.5,592.921,7.095,119.942,85,694.613,7.063,259.349,1.886,50.25,5,2.2,457.5,386.7,4.93,126.904,295.3,1008.4,7.76,20.9,2.66,53,5
KSr_0.125Ba_0.125Ge_0.25Sn_0.25Pb_0.25Cl_3,B-site mixed,2.834569701,2.3883,0.091685286,1,0,0,0,0,0,0.125,0.125,0.25,0.25,0.25,3,0,0,1.51,1033,336.8,0.86,39.098,48.36,418.8,2.33,76.9,0.82,19,4,1.137,2468.125,834.817,6.761,127.749,60.25,678.1,12.969,235.28,1.805,52.75,5.125,1.81,239.18,172.17,3.214,35.453,348.8,1251.1,3.21,10.2,3.16,17,3
CsCa_0.125Sr_0.125Ge_0.375Sn_0.25Pb_0.125Cl_3,B-site mixed,1.403859629,2.5092,0.074123381,0,0,1,0,0,0.125,0.125,0,0.375,0.25,0.125,3,0,0,1.74,944,301.54,1.87,132.905,45.49,375.7,2.092,67.74,0.79,55,6,1.045,2563.5,924.924,5.753,98.768,48.5,694.788,16.413,256.639,1.779,42,4.625,1.81,239.18,172.17,3.214,35.453,348.8,1251.1,3.21,10.2,3.16,17,3
MACa_0.125Sr_0.125Ba_0.125Ge_0.125Pb_0.5I_3,B-site mixed,-0.004741903,2.3403,0.085148188,0,0,0,1,0,0.125,0.125,0.125,0.125,0,0.5,0,0,3,2.17,267,180.65,0.7,32.066,8.684,926.3,6.13,23.85,2.55,73,7,1.164,2086.125,846.263,7.3,145.805,23,658.287,9.452,184.709,1.771,59.25,5.375,2.2,457.5,386.7,4.93,126.904,295.3,1008.4,7.76,20.9,2.66,53,5
FAGeI_3,Pure,-1.00477661,1.9793,0.125310833,0,0,0,0,1,0,0,0,1,0,0,0,0,3,2.53,319,354,1.1,45.057,8.6,849.1,6.5,29,2.57,91,8,0.87,3107,1211.5,5.32,72.61,120,762.1,31.8,334.3,2.01,32,4,2.2,457.5,386.7,4.93,126.904,295.3,1008.4,7.76,20.9,2.66,53,5
FASnI_3,Pure,-1.167111733,1.3172,0.152726924,0,0,0,0,1,0,0,0,0,1,0,0,0,3,2.53,319,354,1.1,45.057,8.6,849.1,6.5,29,2.57,91,8,1.15,2876,505.12,7.31,118.71,121,708.6,7.2,290.37,1.96,50,5,2.2,457.5,386.7,4.93,126.904,295.3,1008.4,7.76,20.9,2.66,53,5
K_0.125Rb_0.125MA_0.75PbI_3,A-site mixed,0.158173929,1.6152,0.156753508,0.125,0.125,0,0.75,0,0,0,0,0,0,1,0,0,3,2.018,449.5,216.666,0.824,39.62,18.419,797.45,5.181,36.15,2.117,61.75,6.375,1.19,2023,600.65,11.35,207.2,110,715.5,4.77,177.9,2.33,82,6,2.2,457.5,386.7,4.93,126.904,295.3,1008.4,7.76,20.9,2.66,53,5
RbCa_0.375Ge_0.125Pb_0.5Br_3,B-site mixed,-0.14005959,2.5646,0.08148296,0,1,0,0,0,0.375,0,0,0.125,0,0.5,0,3,0,1.61,961,312.63,1.532,85.468,46.89,403,2.34,69.2,0.82,37,5,1.079,2058.75,868.763,6.921,127.706,11.5,674.188,9.559,188.739,1.791,52.5,5,1.96,331.85,265.95,3.12,79.904,324.6,1139.9,5.286,14.725,2.96,35,4
MACa_0.125Sn_0.875I_3,B-site mixed,-0.089224254,1.2728,0.150459601,0,0,0,1,0,0.125,0,0,0,0.875,0,0,0,3,2.17,267,180.65,0.7,32.066,8.684,926.3,6.13,23.85,2.55,73,7,1.131,2736.125,580.98,6.59,108.881,86.375,693.75,7.366,273.408,1.84,46.25,4.875,2.2,457.5,386.7,4.93,126.904,295.3,1008.4,7.76,20.9,2.66,53,5
K_0.25Rb_0.25Cs_0.125MA_0.375GeBr_3,A-site mixed,-0.293603297,2.3602,0.09098977,0.25,0.25,0.125,0.375,0,0,0,0,1,0,0,0,3,0,1.811,716.625,267.794,1.094,59.779,32.755,599.775,3.728,53.936,1.465,48.25,5.625,0.87,3107,1211.5,5.32,72.61,120,762.1,31.8,334.3,2.01,32,4,1.96,331.85,265.95,3.12,79.904,324.6,1139.9,5.286,14.725,2.96,35,4
CsBa_0.5Pb_0.5I_3,B-site mixed,-0.582520576,2.2899,0.094639195,0,0,1,0,0,0,0,0.5,0,0,0.5,0,0,3,1.74,944,301.54,1.87,132.905,45.49,375.7,2.092,67.74,0.79,55,6,1.305,2050.5,801.325,7.47,172.265,29,609.2,6.39,159.05,1.61,69,6,2.2,457.5,386.7,4.93,126.904,295.3,1008.4,7.76,20.9,2.66,53,5
CsGe_0.125Pb_0.875Cl_3,B-site mixed,1.295351992,1.8867,0.115420202,0,0,1,0,0,0,0,0,0.125,0,0.875,3,0,0,1.74,944,301.54,1.87,132.905,45.49,375.7,2.092,67.74,0.79,55,6,1.15,2158.5,677.006,10.596,190.376,111.25,721.325,8.149,197.45,2.29,75.75,5.75,1.81,239.18,172.17,3.214,35.453,348.8,1251.1,3.21,10.2,3.16,17,3
Rb_0.5Cs_0.125MA_0.375GeBr_3,A-site mixed,-0.33404664,2.3242,0.094663295,0,0.5,0.125,0.375,0,0,0,0,1,0,0,0,3,0,1.836,698.625,261.751,1.262,71.372,32.388,595.825,3.73,52.011,1.465,52.75,5.875,0.87,3107,1211.5,5.32,72.61,120,762.1,31.8,334.3,2.01,32,4,1.96,331.85,265.95,3.12,79.904,324.6,1139.9,5.286,14.725,2.96,35,4
MABa_0.125Pb_0.875I_3,B-site mixed,-0.312927978,1.6347,0.154073705,0,0,0,1,0,0,0,0.125,0,0,0.875,0,0,3,2.17,267,180.65,0.7,32.066,8.684,926.3,6.13,23.85,2.55,73,7,1.219,2029.875,650.819,10.38,198.466,89.75,688.925,5.175,173.188,2.15,78.75,6,2.2,457.5,386.7,4.93,126.904,295.3,1008.4,7.76,20.9,2.66,53,5
CsBa_0.375Pb_0.625I_3,B-site mixed,-0.65308231,2.1231,0.114633993,0,0,1,0,0,0,0,0.375,0,0,0.625,0,0,3,1.74,944,301.54,1.87,132.905,45.49,375.7,2.092,67.74,0.79,55,6,1.276,2043.625,751.156,8.44,180.999,49.25,635.775,5.985,163.762,1.79,72.25,6,2.2,457.5,386.7,4.93,126.904,295.3,1008.4,7.76,20.9,2.66,53,5
K_0.25Rb_0.25Cs_0.125MA_0.375PbI_3,A-site mixed,0.592674751,1.4288,0.157805502,0.25,0.25,0.125,0.375,0,0,0,0,0,0,1,0,0,3,1.811,716.625,267.794,1.094,59.779,32.755,599.775,3.728,53.936,1.465,48.25,5.625,1.19,2023,600.65,11.35,207.2,110,715.5,4.77,177.9,2.33,82,6,2.2,457.5,386.7,4.93,126.904,295.3,1008.4,7.76,20.9,2.66,53,5
Rb_0.375Cs_0.25MA_0.375GeBr_3,A-site mixed,-0.373932769,2.2608,0.096300628,0,0.375,0.25,0.375,0,0,0,0,1,0,0,0,3,0,1.853,696.5,260.365,1.304,77.302,32.213,592.412,3.699,51.829,1.461,55,6,0.87,3107,1211.5,5.32,72.61,120,762.1,31.8,334.3,2.01,32,4,1.96,331.85,265.95,3.12,79.904,324.6,1139.9,5.286,14.725,2.96,35,4
MASr_0.25Ba_0.25Ge_0.375Sn_0.125I_3,B-site mixed,0.106895751,2.9785,0.033731085,0,0,0,1,0,0,0.25,0.25,0.375,0.125,0,0,0,3,2.17,267,180.65,0.7,32.066,8.684,926.3,6.13,23.85,2.55,73,7,1.14,2457.875,1028.453,4.441,98.305,5.125,637.463,16.878,230.934,1.459,41.75,4.875,2.2,457.5,386.7,4.93,126.904,295.3,1008.4,7.76,20.9,2.66,53,5
MAGeCl_3,Pure,-0.216817007,2.701,0.049363653,0,0,0,1,0,0,0,0,1,0,0,3,0,0,2.17,267,180.65,0.7,32.066,8.684,926.3,6.13,23.85,2.55,73,7,0.87,3107,1211.5,5.32,72.61,120,762.1,31.8,334.3,2.01,32,4,1.81,239.18,172.17,3.214,35.453,348.8,1251.1,3.21,10.2,3.16,17,3
MABa_0.25Pb_0.75I_3,B-site mixed,-0.255100506,1.8383,0.144041373,0,0,0,1,0,0,0,0.25,0,0,0.75,0,0,3,2.17,267,180.65,0.7,32.066,8.684,926.3,6.13,23.85,2.55,73,7,1.248,2036.75,700.987,9.41,189.732,69.5,662.35,5.58,168.475,1.97,75.5,6,2.2,457.5,386.7,4.93,126.904,295.3,1008.4,7.76,20.9,2.66,53,5
RbCa_0.125Sr_0.25Ba_0.25Sn_0.25Pb_0.125I_3,B-site mixed,2.120751179,2.7439,0.041191591,0,1,0,0,0,0.125,0.25,0.25,0,0.25,0.125,0,0,3,1.61,961,312.63,1.532,85.468,46.89,403,2.34,69.2,0.82,37,5,1.231,2124.75,851.361,4.973,116.825,-30.5,603.413,7.515,183.439,1.366,48.75,5.25,2.2,457.5,386.7,4.93,126.904,295.3,1008.4,7.76,20.9,2.66,53,5
KPbCl_3,Pure,2.644099054,1.8881,0.117936068,1,0,0,0,0,0,0,0,0,0,1,3,0,0,1.51,1033,336.8,0.86,39.098,48.36,418.8,2.33,76.9,0.82,19,4,1.19,2023,600.65,11.35,207.2,110,715.5,4.77,177.9,2.33,82,6,1.81,239.18,172.17,3.214,35.453,348.8,1251.1,3.21,10.2,3.16,17,3
RbPbCl_3,Pure,-0.116793369,1.9025,0.111780114,0,1,0,0,0,0,0,0,0,0,1,3,0,0,1.61,961,312.63,1.532,85.468,46.89,403,2.34,69.2,0.82,37,5,1.19,2023,600.65,11.35,207.2,110,715.5,4.77,177.9,2.33,82,6,1.81,239.18,172.17,3.214,35.453,348.8,1251.1,3.21,10.2,3.16,17,3
CsPbCl_3,Pure,1.26208958,1.9524,0.110896468,0,0,1,0,0,0,0,0,0,0,1,3,0,0,1.74,944,301.54,1.87,132.905,45.49,375.7,2.092,67.74,0.79,55,6,1.19,2023,600.65,11.35,207.2,110,715.5,4.77,177.9,2.33,82,6,1.81,239.18,172.17,3.214,35.453,348.8,1251.1,3.21,10.2,3.16,17,3
MASnI_2.625Br_0.375,X-site mixed,-0.130296527,1.3641,0.148154356,0,0,0,1,0,0,0,0,0,1,0,0,0.375,2.625,2.17,267,180.65,0.7,32.066,8.684,926.3,6.13,23.85,2.55,73,7,1.15,2876,505.12,7.31,118.71,121,708.6,7.2,290.37,1.96,50,5,2.17,441.794,371.606,4.704,121.029,298.963,1024.837,7.451,20.128,2.697,50.75,4.875
MACa_0.375Ge_0.5Pb_0.125Br_3,B-site mixed,-0.177564266,3.0001,0.030404527,0,0,0,1,0,0.375,0,0,0.5,0,0.125,0,3,0,2.17,267,180.65,0.7,32.066,8.684,926.3,6.13,23.85,2.55,73,7,0.959,2465.25,1097.831,4.66,77.234,15.25,691.663,19.695,247.389,1.671,33.75,4.25,1.96,331.85,265.95,3.12,79.904,324.6,1139.9,5.286,14.725,2.96,35,4
MABa_0.5Pb_0.5I_3,B-site mixed,-0.146584836,2.5427,0.072147959,0,0,0,1,0,0,0,0.5,0,0,0.5,0,0,3,2.17,267,180.65,0.7,32.066,8.684,926.3,6.13,23.85,2.55,73,7,1.305,2050.5,801.325,7.47,172.265,29,609.2,6.39,159.05,1.61,69,6,2.2,457.5,386.7,4.93,126.904,295.3,1008.4,7.76,20.9,2.66,53,5
MASnI_2.25Br_0.75,X-site mixed,-0.144741598,1.4411,0.145642872,0,0,0,1,0,0,0,0,0,1,0,0,0.75,2.25,2.17,267,180.65,0.7,32.066,8.684,926.3,6.13,23.85,2.55,73,7,1.15,2876,505.12,7.31,118.71,121,708.6,7.2,290.37,1.96,50,5,2.14,426.088,356.512,4.478,115.154,302.625,1041.275,7.142,19.356,2.735,48.5,4.75
MASnCl_3,Pure,-0.270354606,2.0983,0.093250104,0,0,0,1,0,0,0,0,0,1,0,3,0,0,2.17,267,180.65,0.7,32.066,8.684,926.3,6.13,23.85,2.55,73,7,1.15,2876,505.12,7.31,118.71,121,708.6,7.2,290.37,1.96,50,5,1.81,239.18,172.17,3.214,35.453,348.8,1251.1,3.21,10.2,3.16,17,3
MABa_0.375Pb_0.625I_3,B-site mixed,-0.201255232,2.2752,0.104064009,0,0,0,1,0,0,0,0.375,0,0,0.625,0,0,3,2.17,267,180.65,0.7,32.066,8.684,926.3,6.13,23.85,2.55,73,7,1.276,2043.625,751.156,8.44,180.999,49.25,635.775,5.985,163.762,1.79,72.25,6,2.2,457.5,386.7,4.93,126.904,295.3,1008.4,7.76,20.9,2.66,53,5
RbSr_0.5Ge_0.125Sn_0.25Pb_0.125I_3,B-site mixed,2.044370253,2.8299,0.048106857,0,1,0,0,0,0,0.5,0,0.125,0.25,0.125,0,0,3,1.61,961,312.63,1.532,85.468,46.89,403,2.34,69.2,0.82,37,5,1.175,2187.75,873.799,5.181,108.464,-25,636.6,10.471,205.068,1.508,45.75,5,2.2,457.5,386.7,4.93,126.904,295.3,1008.4,7.76,20.9,2.66,53,5
FABa_0.25Pb_0.75I_3,B-site mixed,-1.224280436,2.2274,0.132286688,0,0,0,0,1,0,0,0.25,0,0,0.75,0,0,3,2.53,319,354,1.1,45.057,8.6,849.1,6.5,29,2.57,91,8,1.248,2036.75,700.987,9.41,189.732,69.5,662.35,5.58,168.475,1.97,75.5,6,2.2,457.5,386.7,4.93,126.904,295.3,1008.4,7.76,20.9,2.66,53,5
CsCa_0.25Ba_0.125Ge_0.25Pb_0.375Cl_3,B-site mixed,1.463395122,3.1472,0.019206553,0,0,1,0,0,0.25,0,0.125,0.25,0,0.375,3,0,0,1.74,944,301.54,1.87,132.905,45.49,375.7,2.092,67.74,0.79,55,6,1.091,2234.375,931.369,6.422,123.038,25.75,669.15,12.873,206.48,1.738,50.75,5,1.81,239.18,172.17,3.214,35.453,348.8,1251.1,3.21,10.2,3.16,17,3
FAGeI_2.25Br_0.75,X-site mixed,-1.026632229,2.5191,0.062497761,0,0,0,0,1,0,0,0,1,0,0,0,0.75,2.25,2.53,319,354,1.1,45.057,8.6,849.1,6.5,29,2.57,91,8,0.87,3107,1211.5,5.32,72.61,120,762.1,31.8,334.3,2.01,32,4,2.14,426.088,356.512,4.478,115.154,302.625,1041.275,7.142,19.356,2.735,48.5,4.75
MAPbI_1.5Br_1.5,X-site mixed,-0.239387999,1.6049,0.152466406,0,0,0,1,0,0,0,0,0,0,1,0,1.5,1.5,2.17,267,180.65,0.7,32.066,8.684,926.3,6.13,23.85,2.55,73,7,1.19,2023,600.65,11.35,207.2,110,715.5,4.77,177.9,2.33,82,6,2.08,394.675,326.325,4.025,103.404,309.95,1074.15,6.523,17.813,2.81,44,4.5
RbCa_0.25Sr_0.125Ge_0.125Sn_0.25Pb_0.25Cl_3,B-site mixed,-0.036237372,2.9758,0.037375511,0,1,0,0,0,0.25,0.125,0,0.125,0.25,0.25,3,0,0,1.61,961,312.63,1.532,85.468,46.89,403,2.34,69.2,0.82,37,5,1.101,2259.25,836.13,6.035,111.526,12.75,667.425,10.125,214.635,1.692,46.75,4.875,1.81,239.18,172.17,3.214,35.453,348.8,1251.1,3.21,10.2,3.16,17,3
FAGeI_1.875Br_1.125,X-site mixed,-1.039371098,2.4825,0.064429809,0,0,0,0,1,0,0,0,1,0,0,0,1.125,1.875,2.53,319,354,1.1,45.057,8.6,849.1,6.5,29,2.57,91,8,0.87,3107,1211.5,5.32,72.61,120,762.1,31.8,334.3,2.01,32,4,2.11,410.381,341.419,4.251,109.279,306.287,1057.712,6.832,18.584,2.773,46.25,4.625
MAGeBr_3,Pure,-0.337819175,2.2519,0.106694527,0,0,0,1,0,0,0,0,1,0,0,0,3,0,2.17,267,180.65,0.7,32.066,8.684,926.3,6.13,23.85,2.55,73,7,0.87,3107,1211.5,5.32,72.61,120,762.1,31.8,334.3,2.01,32,4,1.96,331.85,265.95,3.12,79.904,324.6,1139.9,5.286,14.725,2.96,35,4
RbBa_0.5Sn_0.5I_3,B-site mixed,2.104333826,3.2155,0.033437011,0,1,0,0,0,0,0,0.5,0,0.5,0,0,0,3,1.61,961,312.63,1.532,85.468,46.89,403,2.34,69.2,0.82,37,5,1.285,2477,753.56,5.45,128.02,34.5,605.75,7.605,215.285,1.425,53,5.5,2.2,457.5,386.7,4.93,126.904,295.3,1008.4,7.76,20.9,2.66,53,5
MASnI_1.875Br_1.125,X-site mixed,-0.173664836,1.45,0.140795341,0,0,0,1,0,0,0,0,0,1,0,0,1.125,1.875,2.17,267,180.65,0.7,32.066,8.684,926.3,6.13,23.85,2.55,73,7,1.15,2876,505.12,7.31,118.71,121,708.6,7.2,290.37,1.96,50,5,2.11,410.381,341.419,4.251,109.279,306.287,1057.712,6.832,18.584,2.773,46.25,4.625
MACa_0.125Ge_0.375Sn_0.5Cl_3,B-site mixed,-0.20218681,2.8062,0.04031184,0,0,0,1,0,0.125,0,0,0.375,0.5,0,3,0,0,2.17,267,180.65,0.7,32.066,8.684,926.3,6.13,23.85,2.55,73,7,1.026,2822.75,845.872,5.844,91.594,86,713.813,16.591,289.881,1.859,39.5,4.5,1.81,239.18,172.17,3.214,35.453,348.8,1251.1,3.21,10.2,3.16,17,3
RbPbI_0.75Br_2.25,X-site mixed,0.380947461,1.2116,0.151977566,0,1,0,0,0,0,0,0,0,0,1,0,2.25,0.75,1.61,961,312.63,1.532,85.468,46.89,403,2.34,69.2,0.82,37,5,1.19,2023,600.65,11.35,207.2,110,715.5,4.77,177.9,2.33,82,6,2.02,363.262,296.137,3.573,91.654,317.275,1107.025,5.904,16.269,2.885,39.5,4.25
FACa_0.125Sr_0.375Ba_0.125Sn_0.125Pb_0.25I_3,B-site mixed,-0.876741138,2.874,0.043649698,0,0,0,0,1,0.125,0.375,0.125,0,0.125,0.25,0,0,3,2.53,319,354,1.1,45.057,8.6,849.1,6.5,29,2.57,91,8,1.216,1965.25,868.303,5.346,121.672,-46.375,610.1,7.235,168.968,1.42,50.5,5.25,2.2,457.5,386.7,4.93,126.904,295.3,1008.4,7.76,20.9,2.66,53,5
MAPbBr_3,Pure,-0.389545336,1.7247,0.133685095,0,0,0,1,0,0,0,0,0,0,1,0,3,0,2.17,267,180.65,0.7,32.066,8.684,926.3,6.13,23.85,2.55,73,7,1.19,2023,600.65,11.35,207.2,110,715.5,4.77,177.9,2.33,82,6,1.96,331.85,265.95,3.12,79.904,324.6,1139.9,5.286,14.725,2.96,35,4
CsPbI_0.75Br_2.25,X-site mixed,-0.517440434,1.2445,0.151913107,0,0,1,0,0,0,0,0,0,0,1,0,2.25,0.75,1.74,944,301.54,1.87,132.905,45.49,375.7,2.092,67.74,0.79,55,6,1.19,2023,600.65,11.35,207.2,110,715.5,4.77,177.9,2.33,82,6,2.02,363.262,296.137,3.573,91.654,317.275,1107.025,5.904,16.269,2.885,39.5,4.25
MASr_0.5Ge_0.5I_3,B-site mixed,0.119647216,3.1881,0.023080169,0,0,0,1,0,0,0.5,0,0.5,0,0,0,0,3,2.17,267,180.65,0.7,32.066,8.684,926.3,6.13,23.85,2.55,73,7,1.065,2381,1126.75,3.93,80.115,-24,655.8,20,235.6,1.48,35,4.5,2.2,457.5,386.7,4.93,126.904,295.3,1008.4,7.76,20.9,2.66,53,5
FASnBr_3,Pure,-1.103163235,1.7996,0.12788529,0,0,0,0,1,0,0,0,0,1,0,0,3,0,2.53,319,354,1.1,45.057,8.6,849.1,6.5,29,2.57,91,8,1.15,2876,505.12,7.31,118.71,121,708.6,7.2,290.37,1.96,50,5,1.96,331.85,265.95,3.12,79.904,324.6,1139.9,5.286,14.725,2.96,35,4
KSr_0.125Ba_0.375Ge_0.125Sn_0.125Pb_0.25Br_3,B-site mixed,0.35914875,3.3228,0.008916491,1,0,0,0,0,0,0.125,0.375,0.125,0.125,0.25,0,3,0,1.51,1033,336.8,0.86,39.098,48.36,418.8,2.33,76.9,0.82,19,4,1.24,2239.75,870.74,6.08,138.166,17.125,619.987,10.096,192.246,1.531,56.5,5.5,1.96,331.85,265.95,3.12,79.904,324.6,1139.9,5.286,14.725,2.96,35,4
MASrI_3,Pure,-0.036771395,4.5717,0.002372537,0,0,0,1,0,0,1,0,0,0,0,0,0,3,2.17,267,180.65,0.7,32.066,8.684,926.3,6.13,23.85,2.55,73,7,1.26,1655,1042,2.54,87.62,-168,549.5,8.2,136.9,0.95,38,5,2.2,457.5,386.7,4.93,126.904,295.3,1008.4,7.76,20.9,2.66,53,5
RbSnI_1.5Br_1.5,X-site mixed,0.924859083,0.6478,0.152327854,0,1,0,0,0,0,0,0,0,1,0,0,1.5,1.5,1.61,961,312.63,1.532,85.468,46.89,403,2.34,69.2,0.82,37,5,1.15,2876,505.12,7.31,118.71,121,708.6,7.2,290.37,1.96,50,5,2.08,394.675,326.325,4.025,103.404,309.95,1074.15,6.523,17.813,2.81,44,4.5
MABa_0.125Pb_0.875Br_3,B-site mixed,-0.340564959,2.1147,0.123547626,0,0,0,1,0,0,0,0.125,0,0,0.875,0,3,0,2.17,267,180.65,0.7,32.066,8.684,926.3,6.13,23.85,2.55,73,7,1.219,2029.875,650.819,10.38,198.466,89.75,688.925,5.175,173.188,2.15,78.75,6,1.96,331.85,265.95,3.12,79.904,324.6,1139.9,5.286,14.725,2.96,35,4
MACa_0.25Ba_0.375Sn_0.25Pb_0.125Br_3,B-site mixed,-0.117085217,3.2258,0.013442071,0,0,0,1,0,0.25,0,0.375,0,0.25,0.125,0,3,0,2.17,267,180.65,0.7,32.066,8.684,926.3,6.13,23.85,2.55,73,7,1.219,2190.375,855.111,4.98,117.096,-14.5,602.625,7.533,186.072,1.365,48.75,5.25,1.96,331.85,265.95,3.12,79.904,324.6,1139.9,5.286,14.725,2.96,35,4
KCa_0.125Sr_0.25Ba_0.125Ge_0.5Br_3,B-site mixed,0.267574937,3.5665,0.008371044,1,0,0,0,0,0.125,0.25,0.125,0.5,0,0,0,3,0,1.51,1033,336.8,0.86,39.098,48.36,418.8,2.33,76.9,0.82,19,4,1.052,2446.625,1130.5,3.938,80.386,-8,655.013,20.017,238.234,1.479,35,4.5,1.96,331.85,265.95,3.12,79.904,324.6,1139.9,5.286,14.725,2.96,35,4
CsCa_0.125Ba_0.75Sn_0.125I_3,B-site mixed,-0.367566279,3.2951,0.015942565,0,0,1,0,0,0.125,0,0.75,0,0.125,0,0,0,3,1.74,944,301.54,1.87,132.905,45.49,375.7,2.092,67.74,0.79,55,6,1.334,2137.625,953.64,3.8,122.846,-43.375,539.475,7.974,160.78,1.038,50.75,5.625,2.2,457.5,386.7,4.93,126.904,295.3,1008.4,7.76,20.9,2.66,53,5
MASnBr_3,Pure,-0.307573975,1.6869,0.132233359,0,0,0,1,0,0,0,0,0,1,0,0,3,0,2.17,267,180.65,0.7,32.066,8.684,926.3,6.13,23.85,2.55,73,7,1.15,2876,505.12,7.31,118.71,121,708.6,7.2,290.37,1.96,50,5,1.96,331.85,265.95,3.12,79.904,324.6,1139.9,5.286,14.725,2.96,35,4
FAPbBr_3,Pure,-1.17228416,1.867,0.140632898,0,0,0,0,1,0,0,0,0,0,1,0,3,0,2.53,319,354,1.1,45.057,8.6,849.1,6.5,29,2.57,91,8,1.19,2023,600.65,11.35,207.2,110,715.5,4.77,177.9,2.33,82,6,1.96,331.85,265.95,3.12,79.904,324.6,1139.9,5.286,14.725,2.96,35,4
FACa_0.25Sr_0.125Sn_0.375Pb_0.25Cl_3,B-site mixed,-0.923692695,2.8941,0.037902869,0,0,0,0,1,0.25,0.125,0,0,0.375,0.25,3,0,0,2.53,319,354,1.1,45.057,8.6,849.1,6.5,29,2.57,91,8,1.136,2230.375,747.833,6.284,117.288,12.875,660.737,7.05,209.144,1.686,49,5,1.81,239.18,172.17,3.214,35.453,348.8,1251.1,3.21,10.2,3.16,17,3
K_0.25Rb_0.25Cs_0.125MA_0.375PbBr_3,A-site mixed,-0.599343393,1.9905,0.112676576,0.25,0.25,0.125,0.375,0,0,0,0,0,0,1,0,3,0,1.811,716.625,267.794,1.094,59.779,32.755,599.775,3.728,53.936,1.465,48.25,5.625,1.19,2023,600.65,11.35,207.2,110,715.5,4.77,177.9,2.33,82,6,1.96,331.85,265.95,3.12,79.904,324.6,1139.9,5.286,14.725,2.96,35,4
CsCa_0.125Sr_0.125Ba_0.25Ge_0.375Pb_0.125Br_3,B-site mixed,-0.251088489,3.5109,0.008902902,0,0,1,0,0,0.125,0.125,0.25,0.375,0,0.125,0,3,0,1.74,944,301.54,1.87,132.905,45.49,375.7,2.092,67.74,0.79,55,6,1.112,2364,1049.144,4.822,103.424,5.25,643.362,16.615,219.096,1.511,43.5,4.875,1.96,331.85,265.95,3.12,79.904,324.6,1139.9,5.286,14.725,2.96,35,4
MACa_0.125Sn_0.5Pb_0.375Cl_3,B-site mixed,-0.222785807,2.2312,0.091560735,0,0,0,1,0,0.125,0,0,0,0.5,0.375,3,0,0,2.17,267,180.65,0.7,32.066,8.684,926.3,6.13,23.85,2.55,73,7,1.146,2416.25,616.804,8.105,142.065,82.25,696.337,6.455,231.231,1.979,58.25,5.25,1.81,239.18,172.17,3.214,35.453,348.8,1251.1,3.21,10.2,3.16,17,3
K_0.25Rb_0.125MA_0.625SnCl_3,A-site mixed,0.426471584,2.3591,0.069823256,0.25,0.125,0,0.625,0,0,0,0,0,1,0,3,0,0,1.935,545.25,236.185,0.844,40.499,23.379,734.013,4.706,42.781,1.901,55,6,1.15,2876,505.12,7.31,118.71,121,708.6,7.2,290.37,1.96,50,5,1.81,239.18,172.17,3.214,35.453,348.8,1251.1,3.21,10.2,3.16,17,3
KSr_0.125Ba_0.5Sn_0.25Pb_0.125Br_3,B-site mixed,0.437221946,3.3626,0.01074296,1,0,0,0,0,0,0.125,0.5,0,0.25,0.125,0,3,0,1.51,1033,336.8,0.86,39.098,48.36,418.8,2.33,76.9,0.82,19,4,1.304,2217.75,832.611,5.359,135.195,-3,586.725,7.426,182.043,1.345,55.5,5.625,1.96,331.85,265.95,3.12,79.904,324.6,1139.9,5.286,14.725,2.96,35,4
MAPbBr_2.25Cl_0.75,X-site mixed,-0.353809603,1.8921,0.123903454,0,0,0,1,0,0,0,0,0,0,1,0.75,2.25,0,2.17,267,180.65,0.7,32.066,8.684,926.3,6.13,23.85,2.55,73,7,1.19,2023,600.65,11.35,207.2,110,715.5,4.77,177.9,2.33,82,6,1.923,308.683,242.505,3.143,68.791,330.65,1167.7,4.767,13.594,3.01,30.5,3.75
RbSr_0.25Ba_0.25Sn_0.125Pb_0.375Br_3,B-site mixed,0.048614229,3.2879,0.0127617,0,1,0,0,0,0,0.25,0.25,0,0.125,0.375,0,3,0,1.61,961,312.63,1.532,85.468,46.89,403,2.34,69.2,0.82,37,5,1.26,2051.375,799.384,6.702,148.776,1.375,619.987,6.741,172.284,1.579,60.5,5.625,1.96,331.85,265.95,3.12,79.904,324.6,1139.9,5.286,14.725,2.96,35,4
MASr_0.25Ba_0.125Ge_0.375Sn_0.25Cl_3,B-site mixed,-0.07068424,3.6098,0.008909704,0,0,0,1,0,0,0.25,0.125,0.375,0.25,0,3,0,0,2.17,267,180.65,0.7,32.066,8.684,926.3,6.13,23.85,2.55,73,7,1.106,2557.625,966.342,4.906,95.978,26.75,663.175,16.776,249.705,1.593,41,4.75,1.81,239.18,172.17,3.214,35.453,348.8,1251.1,3.21,10.2,3.16,17,3
CsCa_0.5Ge_0.25Sn_0.125Pb_0.125Br_3,B-site mixed,-0.385761375,3.4544,0.011174092,0,0,1,0,0,0.5,0,0,0.25,0.125,0.125,0,3,0,1.74,944,301.54,1.87,132.905,45.49,375.7,2.092,67.74,0.79,55,6,1.01,2267.625,997.096,4.438,78.93,-19.125,663.438,13.711,219.444,1.539,34.5,4.375,1.96,331.85,265.95,3.12,79.904,324.6,1139.9,5.286,14.725,2.96,35,4
FACa_0.25Sr_0.125Pb_0.625Br_3,B-site mixed,-0.888603182,2.8478,0.045776413,0,0,0,0,1,0.25,0.125,0,0,0,0.625,0,3,0,2.53,319,354,1.1,45.057,8.6,849.1,6.5,29,2.57,91,8,1.151,1910.5,783.656,7.799,150.472,8.75,663.325,6.139,166.968,1.825,61,5.375,1.96,331.85,265.95,3.12,79.904,324.6,1139.9,5.286,14.725,2.96,35,4
MACa_0.125Sr_0.25Ba_0.125Sn_0.125Pb_0.375Br_3,B-site mixed,-0.204192297,3.3995,0.011373786,0,0,0,1,0,0.125,0.25,0.125,0,0.125,0.375,0,3,0,2.17,267,180.65,0.7,32.066,8.684,926.3,6.13,23.85,2.55,73,7,1.208,2011.25,813.134,6.447,136.62,-11.625,630.85,6.806,174.093,1.593,56,5.375,1.96,331.85,265.95,3.12,79.904,324.6,1139.9,5.286,14.725,2.96,35,4
MACa_0.125Sr_0.5Ba_0.125Pb_0.25I_3,B-site mixed,0.0121413,3.0843,0.021247682,0,0,0,1,0,0.125,0.5,0.125,0,0,0.25,0,0,3,2.17,267,180.65,0.7,32.066,8.684,926.3,6.13,23.85,2.55,73,7,1.23,1812.625,935.413,4.75,117.786,-82.5,590.213,7.36,149.784,1.294,49,5.25,2.2,457.5,386.7,4.93,126.904,295.3,1008.4,7.76,20.9,2.66,53,5
FAGeBr_3,Pure,-1.108108301,2.8565,0.038905699,0,0,0,0,1,0,0,0,1,0,0,0,3,0,2.53,319,354,1.1,45.057,8.6,849.1,6.5,29,2.57,91,8,0.87,3107,1211.5,5.32,72.61,120,762.1,31.8,334.3,2.01,32,4,1.96,331.85,265.95,3.12,79.904,324.6,1139.9,5.286,14.725,2.96,35,4
MAPbCl_3,Pure,-0.293607372,2.4165,0.074081807,0,0,0,1,0,0,0,0,0,0,1,3,0,0,2.17,267,180.65,0.7,32.066,8.684,926.3,6.13,23.85,2.55,73,7,1.19,2023,600.65,11.35,207.2,110,715.5,4.77,177.9,2.33,82,6,1.81,239.18,172.17,3.214,35.453,348.8,1251.1,3.21,10.2,3.16,17,3
FAPbBr_2.625Cl_0.375,X-site mixed,-1.167126833,2.0241,0.121336902,0,0,0,0,1,0,0,0,0,0,1,0.375,2.625,0,2.53,319,354,1.1,45.057,8.6,849.1,6.5,29,2.57,91,8,1.19,2023,600.65,11.35,207.2,110,715.5,4.77,177.9,2.33,82,6,1.941,320.266,254.227,3.132,74.348,327.625,1153.8,5.026,14.159,2.985,32.75,3.875
FACa_0.25Sr_0.125Ba_0.125Ge_0.375Pb_0.125Br_3,B-site mixed,-0.764534785,3.5394,0.009649836,0,0,0,0,1,0.25,0.125,0.125,0.375,0,0.125,0,3,0,2.53,319,354,1.1,45.057,8.6,849.1,6.5,29,2.57,91,8,1.06,2323.875,1062.894,4.567,91.267,-7.75,654.225,16.68,220.905,1.525,39,4.625,1.96,331.85,265.95,3.12,79.904,324.6,1139.9,5.286,14.725,2.96,35,4
RbSr_0.25Ba_0.25Ge_0.25Pb_0.25Br_3,B-site mixed,0.078352085,3.6623,0.008588655,0,1,0,0,0,0,0.25,0.25,0.25,0,0.25,0,3,0,1.61,961,312.63,1.532,85.468,46.89,403,2.34,69.2,0.82,37,5,1.185,2215.75,964.038,5.7,126.19,2.5,632.5,13.195,197.325,1.545,52,5.25,1.96,331.85,265.95,3.12,79.904,324.6,1139.9,5.286,14.725,2.96,35,4
RbCa_0.125Ba_0.625Ge_0.125Sn_0.125Cl_3,B-site mixed,0.384718838,3.8834,0.00222975,0,1,0,0,0,0.125,0,0.625,0.125,0.125,0,3,0,0,1.61,961,312.63,1.532,85.468,46.89,403,2.34,69.2,0.82,37,5,1.265,2266.25,979.827,4.016,114.756,-21.875,571.875,10.947,185.043,1.177,47.75,5.375,1.81,239.18,172.17,3.214,35.453,348.8,1251.1,3.21,10.2,3.16,17,3
KCa_0.875Ge_0.125I_3,B-site mixed,2.536257945,3.6456,0.010201327,1,0,0,0,0,0.875,0,0,0.125,0,0,0,0,3,1.51,1033,336.8,0.86,39.098,48.36,418.8,2.33,76.9,0.82,19,4,0.984,1925.75,1124.438,2.021,44.145,-121.5,611.337,11.439,177.124,1.126,21.5,4,2.2,457.5,386.7,4.93,126.904,295.3,1008.4,7.76,20.9,2.66,53,5
FASnBr_1.875Cl_1.125,X-site mixed,-1.123878935,2.8281,0.035760839,0,0,0,0,1,0,0,0,0,1,0,1.125,1.875,0,2.53,319,354,1.1,45.057,8.6,849.1,6.5,29,2.57,91,8,1.15,2876,505.12,7.31,118.71,121,708.6,7.2,290.37,1.96,50,5,1.904,297.099,230.782,3.155,63.235,333.675,1181.6,4.507,13.028,3.035,28.25,3.625
MABa_0.625Pb_0.375I_3,B-site mixed,-0.108288427,3.2129,0.023542867,0,0,0,1,0,0,0,0.625,0,0,0.375,0,0,3,2.17,267,180.65,0.7,32.066,8.684,926.3,6.13,23.85,2.55,73,7,1.334,2057.375,851.494,6.5,163.531,8.75,582.625,6.795,154.338,1.43,65.75,6,2.2,457.5,386.7,4.93,126.904,295.3,1008.4,7.76,20.9,2.66,53,5
CsBa_0.625Pb_0.375I_3,B-site mixed,-0.530790942,3.2567,0.02042939,0,0,1,0,0,0,0,0.625,0,0,0.375,0,0,3,1.74,944,301.54,1.87,132.905,45.49,375.7,2.092,67.74,0.79,55,6,1.334,2057.375,851.494,6.5,163.531,8.75,582.625,6.795,154.338,1.43,65.75,6,2.2,457.5,386.7,4.93,126.904,295.3,1008.4,7.76,20.9,2.66,53,5
MASr_0.5Sn_0.5Br_3,B-site mixed,-0.163104246,3.8931,0.006633334,0,0,0,1,0,0,0.5,0,0,0.5,0,0,3,0,2.17,267,180.65,0.7,32.066,8.684,926.3,6.13,23.85,2.55,73,7,1.205,2265.5,773.56,4.925,103.165,-23.5,629.05,7.7,213.635,1.455,44,5,1.96,331.85,265.95,3.12,79.904,324.6,1139.9,5.286,14.725,2.96,35,4
MACa_0.5Ba_0.125Sn_0.25Pb_0.125Br_3,B-site mixed,-0.166210101,3.5238,0.012777485,0,0,0,1,0,0.5,0,0.125,0,0.25,0.125,0,3,0,2.17,267,180.65,0.7,32.066,8.684,926.3,6.13,23.85,2.55,73,7,1.114,2110.125,882.611,4.47,92.783,-40.5,624.35,7.662,189.69,1.392,39.75,4.75,1.96,331.85,265.95,3.12,79.904,324.6,1139.9,5.286,14.725,2.96,35,4
MASr_0.125Pb_0.875Cl_3,B-site mixed,-0.257703023,2.5854,0.059879407,0,0,0,1,0,0,0.125,0,0,0,0.875,3,0,0,2.17,267,180.65,0.7,32.066,8.684,926.3,6.13,23.85,2.55,73,7,1.199,1977,655.819,10.249,192.252,75.25,694.75,5.199,172.775,2.158,76.5,5.875,1.81,239.18,172.17,3.214,35.453,348.8,1251.1,3.21,10.2,3.16,17,3
MASnBr_2.25Cl_0.75,X-site mixed,-0.294331286,2.2589,0.090288697,0,0,0,1,0,0,0,0,0,1,0,0.75,2.25,0,2.17,267,180.65,0.7,32.066,8.684,926.3,6.13,23.85,2.55,73,7,1.15,2876,505.12,7.31,118.71,121,708.6,7.2,290.37,1.96,50,5,1.923,308.683,242.505,3.143,68.791,330.65,1167.7,4.767,13.594,3.01,30.5,3.75
KCa_0.25Sr_0.25Ba_0.125Ge_0.125Pb_0.25Br_3,B-site mixed,0.277096929,3.7468,0.006334021,1,0,0,0,0,0.25,0.25,0.125,0.125,0,0.25,0,3,0,1.51,1033,336.8,0.86,39.098,48.36,418.8,2.33,76.9,0.82,19,4,1.149,2006.875,965.35,4.974,109.967,-45,621.825,10.351,176.68,1.433,46,5,1.96,331.85,265.95,3.12,79.904,324.6,1139.9,5.286,14.725,2.96,35,4
MABa_0.875Pb_0.125I_3,B-site mixed,-0.047152545,3.195,0.016366147,0,0,0,1,0,0,0,0.875,0,0,0.125,0,0,3,2.17,267,180.65,0.7,32.066,8.684,926.3,6.13,23.85,2.55,73,7,1.391,2071.125,951.831,4.56,146.064,-31.75,529.475,7.605,144.912,1.07,59.25,6,2.2,457.5,386.7,4.93,126.904,295.3,1008.4,7.76,20.9,2.66,53,5
KBaI_3,Pure,2.697406688,3.8242,0.003340531,1,0,0,0,0,0,0,1,0,0,0,0,0,3,1.51,1033,336.8,0.86,39.098,48.36,418.8,2.33,76.9,0.82,19,4,1.42,2078,1002,3.59,137.33,-52,502.9,8.01,140.2,0.89,56,6,2.2,457.5,386.7,4.93,126.904,295.3,1008.4,7.76,20.9,2.66,53,5
RbBa_0.75Sn_0.25Cl_3,B-site mixed,0.37997834,4.1036,0.001916821,0,1,0,0,0,0,0,0.75,0,0.25,0,3,0,0,1.61,961,312.63,1.532,85.468,46.89,403,2.34,69.2,0.82,37,5,1.353,2277.5,877.78,4.52,132.675,-8.75,554.325,7.808,177.743,1.157,54.5,5.75,1.81,239.18,172.17,3.214,35.453,348.8,1251.1,3.21,10.2,3.16,17,3
KSr_0.625Ba_0.25Pb_0.125I_3,B-site mixed,2.572728285,3.3567,0.010520286,1,0,0,0,0,0,0.625,0.25,0,0,0.125,0,0,3,1.51,1033,336.8,0.86,39.098,48.36,418.8,2.33,76.9,0.82,19,4,1.291,1806.75,976.831,3.904,114.995,-104.25,558.6,7.724,142.85,1.107,48,5.375,2.2,457.5,386.7,4.93,126.904,295.3,1008.4,7.76,20.9,2.66,53,5
KBa_0.5Pb_0.5Br_3,B-site mixed,0.350098176,3.9834,0.004153724,1,0,0,0,0,0,0,0.5,0,0,0.5,0,3,0,1.51,1033,336.8,0.86,39.098,48.36,418.8,2.33,76.9,0.82,19,4,1.305,2050.5,801.325,7.47,172.265,29,609.2,6.39,159.05,1.61,69,6,1.96,331.85,265.95,3.12,79.904,324.6,1139.9,5.286,14.725,2.96,35,4
KCa_0.375Sr_0.125Ba_0.125Ge_0.125Sn_0.125Pb_0.125Cl_3,B-site mixed,2.81893914,3.9344,0.002912057,1,0,0,0,0,0.375,0.125,0.125,0.125,0.125,0.125,3,0,0,1.51,1033,336.8,0.86,39.098,48.36,418.8,2.33,76.9,0.82,19,4,1.111,2126.25,962.159,4.345,92.963,-42.125,626,10.696,192.96,1.392,39.75,4.75,1.81,239.18,172.17,3.214,35.453,348.8,1251.1,3.21,10.2,3.16,17,3
FASr_0.875Pb_0.125I_3,B-site mixed,-0.941278358,3.1867,0.019576452,0,0,0,0,1,0,0.875,0,0,0,0.125,0,0,3,2.53,319,354,1.1,45.057,8.6,849.1,6.5,29,2.57,91,8,1.251,1701,986.831,3.641,102.567,-133.25,570.25,7.771,142.025,1.123,43.5,5.125,2.2,457.5,386.7,4.93,126.904,295.3,1008.4,7.76,20.9,2.66,53,5
MABa_0.5Ge_0.5Br_3,B-site mixed,-0.060165524,4.0558,0.005747357,0,0,0,1,0,0,0,0.5,0.5,0,0,0,3,0,2.17,267,180.65,0.7,32.066,8.684,926.3,6.13,23.85,2.55,73,7,1.145,2592.5,1106.75,4.455,104.97,34,632.5,19.905,237.25,1.45,44,5,1.96,331.85,265.95,3.12,79.904,324.6,1139.9,5.286,14.725,2.96,35,4
CsSr_0.25Ba_0.625Sn_0.125Br_3,B-site mixed,-0.150251113,3.9589,0.003321637,0,0,1,0,0,0,0.25,0.625,0,0.125,0,0,3,0,1.74,944,301.54,1.87,132.905,45.49,375.7,2.092,67.74,0.79,55,6,1.346,2072,949.89,3.792,122.575,-59.375,540.263,7.956,158.146,1.039,50.75,5.625,1.96,331.85,265.95,3.12,79.904,324.6,1139.9,5.286,14.725,2.96,35,4
FAPbBr_0.375Cl_2.625,X-site mixed,-1.211346133,2.5589,0.058616316,0,0,0,0,1,0,0,0,0,0,1,2.625,0.375,0,2.53,319,354,1.1,45.057,8.6,849.1,6.5,29,2.57,91,8,1.19,2023,600.65,11.35,207.2,110,715.5,4.77,177.9,2.33,82,6,1.829,250.764,183.893,3.202,41.009,345.775,1237.2,3.47,10.766,3.135,19.25,3.125
KSrI_3,Pure,2.506069601,3.9125,0.00308138,1,0,0,0,0,0,1,0,0,0,0,0,0,3,1.51,1033,336.8,0.86,39.098,48.36,418.8,2.33,76.9,0.82,19,4,1.26,1655,1042,2.54,87.62,-168,549.5,8.2,136.9,0.95,38,5,2.2,457.5,386.7,4.93,126.904,295.3,1008.4,7.76,20.9,2.66,53,5
KSrI_1.875Br_1.125,X-site mixed,1.727538758,3.9831,0.002399834,1,0,0,0,0,0,1,0,0,0,0,0,1.125,1.875,1.51,1033,336.8,0.86,39.098,48.36,418.8,2.33,76.9,0.82,19,4,1.26,1655,1042,2.54,87.62,-168,549.5,8.2,136.9,0.95,38,5,2.11,410.381,341.419,4.251,109.279,306.287,1057.712,6.832,18.584,2.773,46.25,4.625
KCa_0.875Ba_0.125I_3,B-site mixed,2.578426243,3.947,0.003487524,1,0,0,0,0,0.875,0,0.125,0,0,0,0,0,3,1.51,1033,336.8,0.86,39.098,48.36,418.8,2.33,76.9,0.82,19,4,1.052,1797.125,1098.25,1.805,52.235,-143,578.937,8.465,152.861,0.986,24.5,4.25,2.2,457.5,386.7,4.93,126.904,295.3,1008.4,7.76,20.9,2.66,53,5
RbBaI_3,Pure,2.198874735,3.9742,0.003116013,0,1,0,0,0,0,0,1,0,0,0,0,0,3,1.61,961,312.63,1.532,85.468,46.89,403,2.34,69.2,0.82,37,5,1.42,2078,1002,3.59,137.33,-52,502.9,8.01,140.2,0.89,56,6,2.2,457.5,386.7,4.93,126.904,295.3,1008.4,7.76,20.9,2.66,53,5
FAGeBr_1.875Cl_1.125,X-site mixed,-1.133790535,3.8377,0.004289491,0,0,0,0,1,0,0,0,1,0,0,1.125,1.875,0,2.53,319,354,1.1,45.057,8.6,849.1,6.5,29,2.57,91,8,0.87,3107,1211.5,5.32,72.61,120,762.1,31.8,334.3,2.01,32,4,1.904,297.099,230.782,3.155,63.235,333.675,1181.6,4.507,13.028,3.035,28.25,3.625
FASr_0.125Ba_0.125Ge_0.125Sn_0.25Pb_0.375Cl_3,B-site mixed,-0.937161724,2.8596,0.031421375,0,0,0,0,1,0,0.125,0.125,0.125,0.25,0.375,3,0,0,2.53,319,354,1.1,45.057,8.6,849.1,6.5,29,2.57,91,8,1.177,2332.625,758.461,7.515,144.572,59,672.275,9.59,215.73,1.845,59,5.375,1.81,239.18,172.17,3.214,35.453,348.8,1251.1,3.21,10.2,3.16,17,3
RbCa_0.875Sn_0.125Br_3,B-site mixed,-0.125755048,4.0971,0.00303785,0,1,0,0,0,0.875,0,0,0,0.125,0,0,3,0,1.61,961,312.63,1.532,85.468,46.89,403,2.34,69.2,0.82,37,5,1.019,1896.875,1036.14,2.27,49.907,-121.375,604.65,8.364,171.632,1.12,23.75,4.125,1.96,331.85,265.95,3.12,79.904,324.6,1139.9,5.286,14.725,2.96,35,4
CsBa_0.875Pb_0.125I_3,B-site mixed,-0.42298339,3.2896,0.021524403,0,0,1,0,0,0,0,0.875,0,0,0.125,0,0,3,1.74,944,301.54,1.87,132.905,45.49,375.7,2.092,67.74,0.79,55,6,1.391,2071.125,951.831,4.56,146.064,-31.75,529.475,7.605,144.912,1.07,59.25,6,2.2,457.5,386.7,4.93,126.904,295.3,1008.4,7.76,20.9,2.66,53,5
KCaI_3,Pure,2.52588399,3.9972,0.003529824,1,0,0,0,0,1,0,0,0,0,0,0,0,3,1.51,1033,336.8,0.86,39.098,48.36,418.8,2.33,76.9,0.82,19,4,1,1757,1112,1.55,40.078,-156,589.8,8.53,154.67,1,20,4,2.2,457.5,386.7,4.93,126.904,295.3,1008.4,7.76,20.9,2.66,53,5
KCaI_1.875Br_1.125,X-site mixed,1.681123426,4.0733,0.00263546,1,0,0,0,0,1,0,0,0,0,0,0,1.125,1.875,1.51,1033,336.8,0.86,39.098,48.36,418.8,2.33,76.9,0.82,19,4,1,1757,1112,1.55,40.078,-156,589.8,8.53,154.67,1,20,4,2.11,410.381,341.419,4.251,109.279,306.287,1057.712,6.832,18.584,2.773,46.25,4.625
FACa_0.5Ge_0.5Br_3,B-site mixed,-0.789296862,4.1163,0.004433332,0,0,0,0,1,0.5,0,0,0.5,0,0,0,3,0,2.53,319,354,1.1,45.057,8.6,849.1,6.5,29,2.57,91,8,0.935,2432,1161.75,3.435,56.344,-18,675.95,20.165,244.485,1.505,26,4,1.96,331.85,265.95,3.12,79.904,324.6,1139.9,5.286,14.725,2.96,35,4
RbCa_0.375Ba_0.25Ge_0.375Cl_3,B-site mixed,0.212907938,4.2626,0.002599375,0,1,0,0,0,0.375,0,0.25,0.375,0,0,3,0,0,1.61,961,312.63,1.532,85.468,46.89,403,2.34,69.2,0.82,37,5,1.056,2343.5,1121.813,3.474,76.59,-26.5,632.688,17.126,218.414,1.351,33.5,4.5,1.81,239.18,172.17,3.214,35.453,348.8,1251.1,3.21,10.2,3.16,17,3
RbCa_0.125Sr_0.875I_3,B-site mixed,2.031867513,4.0672,0.002906958,0,1,0,0,0,0.125,0.875,0,0,0,0,0,0,3,1.61,961,312.63,1.532,85.468,46.89,403,2.34,69.2,0.82,37,5,1.228,1667.75,1050.75,2.416,81.677,-166.5,554.538,8.241,139.121,0.956,35.75,4.875,2.2,457.5,386.7,4.93,126.904,295.3,1008.4,7.76,20.9,2.66,53,5
KSrI_1.5Br_1.5,X-site mixed,1.45197792,4.1038,0.002173217,1,0,0,0,0,0,1,0,0,0,0,0,1.5,1.5,1.51,1033,336.8,0.86,39.098,48.36,418.8,2.33,76.9,0.82,19,4,1.26,1655,1042,2.54,87.62,-168,549.5,8.2,136.9,0.95,38,5,2.08,394.675,326.325,4.025,103.404,309.95,1074.15,6.523,17.813,2.81,44,4.5
RbSrI_3,Pure,2.02008744,4.081,0.002890868,0,1,0,0,0,0,1,0,0,0,0,0,0,3,1.61,961,312.63,1.532,85.468,46.89,403,2.34,69.2,0.82,37,5,1.26,1655,1042,2.54,87.62,-168,549.5,8.2,136.9,0.95,38,5,2.2,457.5,386.7,4.93,126.904,295.3,1008.4,7.76,20.9,2.66,53,5
RbGeBr_1.125Cl_1.875,X-site mixed,-0.095998088,1.336,0.134802473,0,1,0,0,0,0,0,0,1,0,0,1.875,1.125,0,1.61,961,312.63,1.532,85.468,46.89,403,2.34,69.2,0.82,37,5,0.87,3107,1211.5,5.32,72.61,120,762.1,31.8,334.3,2.01,32,4,1.866,273.931,207.337,3.179,52.122,339.725,1209.4,3.988,11.897,3.085,23.75,3.375
MASnBr_0.375Cl_2.625,X-site mixed,-0.296790685,2.7565,0.036366372,0,0,0,1,0,0,0,0,0,1,0,2.625,0.375,0,2.17,267,180.65,0.7,32.066,8.684,926.3,6.13,23.85,2.55,73,7,1.15,2876,505.12,7.31,118.71,121,708.6,7.2,290.37,1.96,50,5,1.829,250.764,183.893,3.202,41.009,345.775,1237.2,3.47,10.766,3.135,19.25,3.125
K_0.125Cs_0.875BaI_3,A-site mixed,0.005686858,4.1474,0.002986577,0.125,0,0.875,0,0,0,0,1,0,0,0,0,0,3,1.711,955.125,305.948,1.744,121.18,45.849,381.088,2.122,68.885,0.794,50.5,5.75,1.42,2078,1002,3.59,137.33,-52,502.9,8.01,140.2,0.89,56,6,2.2,457.5,386.7,4.93,126.904,295.3,1008.4,7.76,20.9,2.66,53,5
K_0.375Cs_0.625SrI_3,A-site mixed,0.611610123,4.1362,0.002881232,0.375,0,0.625,0,0,0,1,0,0,0,0,0,0,3,1.654,977.375,314.763,1.491,97.728,46.566,391.863,2.181,71.175,0.801,41.5,5.25,1.26,1655,1042,2.54,87.62,-168,549.5,8.2,136.9,0.95,38,5,2.2,457.5,386.7,4.93,126.904,295.3,1008.4,7.76,20.9,2.66,53,5
FABa_0.5Sn_0.375Pb_0.125Cl_3,B-site mixed,-0.963146913,3.9577,0.00543216,0,0,0,0,1,0,0,0.5,0,0.375,0.125,3,0,0,2.53,319,354,1.1,45.057,8.6,849.1,6.5,29,2.57,91,8,1.29,2370.375,765.501,5.955,139.081,33.125,606.612,7.301,201.226,1.471,57,5.625,1.81,239.18,172.17,3.214,35.453,348.8,1251.1,3.21,10.2,3.16,17,3
MACa_0.25Sr_0.25Ba_0.125Pb_0.375Br_3,B-site mixed,-0.202304135,3.9173,0.006387142,0,0,0,1,0,0.25,0.25,0.125,0,0,0.375,0,3,0,2.17,267,180.65,0.7,32.066,8.684,926.3,6.13,23.85,2.55,73,7,1.189,1871.375,888.994,5.727,126.791,-46.25,616,6.972,157.13,1.473,52.25,5.25,1.96,331.85,265.95,3.12,79.904,324.6,1139.9,5.286,14.725,2.96,35,4
RbCaI_3,Pure,2.055202625,4.1895,0.003358093,0,1,0,0,0,1,0,0,0,0,0,0,0,3,1.61,961,312.63,1.532,85.468,46.89,403,2.34,69.2,0.82,37,5,1,1757,1112,1.55,40.078,-156,589.8,8.53,154.67,1,20,4,2.2,457.5,386.7,4.93,126.904,295.3,1008.4,7.76,20.9,2.66,53,5
FASr_0.375Ba_0.125Pb_0.5Br_3,B-site mixed,-0.822882993,3.9213,0.006972972,0,0,0,0,1,0,0.375,0.125,0,0,0.5,0,3,0,2.53,319,354,1.1,45.057,8.6,849.1,6.5,29,2.57,91,8,1.245,1891.875,816.325,7.076,153.624,-14.5,626.675,6.461,157.813,1.633,62.25,5.625,1.96,331.85,265.95,3.12,79.904,324.6,1139.9,5.286,14.725,2.96,35,4
CsSr_0.25Ba_0.75I_3,B-site mixed,-0.413521999,4.2362,0.00284432,0,0,1,0,0,0,0.25,0.75,0,0,0,0,0,3,1.74,944,301.54,1.87,132.905,45.49,375.7,2.092,67.74,0.79,55,6,1.38,1972.25,1012,3.327,124.903,-81,514.55,8.058,139.375,0.905,51.5,5.75,2.2,457.5,386.7,4.93,126.904,295.3,1008.4,7.76,20.9,2.66,53,5
FAGeCl_3,Pure,-1.302873956,3.9564,0.003735428,0,0,0,0,1,0,0,0,1,0,0,3,0,0,2.53,319,354,1.1,45.057,8.6,849.1,6.5,29,2.57,91,8,0.87,3107,1211.5,5.32,72.61,120,762.1,31.8,334.3,2.01,32,4,1.81,239.18,172.17,3.214,35.453,348.8,1251.1,3.21,10.2,3.16,17,3
CsBaI_3,Pure,-0.383874139,4.2459,0.002947945,0,0,1,0,0,0,0,1,0,0,0,0,0,3,1.74,944,301.54,1.87,132.905,45.49,375.7,2.092,67.74,0.79,55,6,1.42,2078,1002,3.59,137.33,-52,502.9,8.01,140.2,0.89,56,6,2.2,457.5,386.7,4.93,126.904,295.3,1008.4,7.76,20.9,2.66,53,5
K_0.375Cs_0.625CaI_3,A-site mixed,0.649110449,4.2668,0.003352327,0.375,0,0.625,0,0,1,0,0,0,0,0,0,0,3,1.654,977.375,314.763,1.491,97.728,46.566,391.863,2.181,71.175,0.801,41.5,5.25,1,1757,1112,1.55,40.078,-156,589.8,8.53,154.67,1,20,4,2.2,457.5,386.7,4.93,126.904,295.3,1008.4,7.76,20.9,2.66,53,5
RbCa_0.5Sr_0.25Ge_0.125Sn_0.125Cl_3,B-site mixed,-0.030300399,4.4688,0.00208602,0,1,0,0,0,0.5,0.25,0,0.125,0.125,0,3,0,0,1.61,961,312.63,1.532,85.468,46.89,403,2.34,69.2,0.82,37,5,1.067,2040.125,1031.078,2.989,65.859,-89.875,616.113,11.19,189.644,1.234,29.75,4.375,1.81,239.18,172.17,3.214,35.453,348.8,1251.1,3.21,10.2,3.16,17,3
RbCa_0.125Sr_0.5Pb_0.375Br_3,B-site mixed,-0.044830275,4.0115,0.006179302,0,1,0,0,0,0.125,0.5,0,0,0,0.375,0,3,0,1.61,961,312.63,1.532,85.468,46.89,403,2.34,69.2,0.82,37,5,1.201,1805.75,885.244,5.72,126.52,-62.25,616.788,6.955,154.496,1.474,52.25,5.25,1.96,331.85,265.95,3.12,79.904,324.6,1139.9,5.286,14.725,2.96,35,4
KBa_0.875Ge_0.125Cl_3,B-site mixed,3.238796407,4.6052,0.001287056,1,0,0,0,0,0,0,0.875,0.125,0,0,3,0,0,1.51,1033,336.8,0.86,39.098,48.36,418.8,2.33,76.9,0.82,19,4,1.351,2206.625,1028.188,3.806,129.24,-30.5,535.3,10.984,164.462,1.03,53,5.75,1.81,239.18,172.17,3.214,35.453,348.8,1251.1,3.21,10.2,3.16,17,3
CsSrI_3,Pure,-0.536683391,4.3607,0.00277207,0,0,1,0,0,0,1,0,0,0,0,0,0,3,1.74,944,301.54,1.87,132.905,45.49,375.7,2.092,67.74,0.79,55,6,1.26,1655,1042,2.54,87.62,-168,549.5,8.2,136.9,0.95,38,5,2.2,457.5,386.7,4.93,126.904,295.3,1008.4,7.76,20.9,2.66,53,5
KCa_0.5Ba_0.125Ge_0.375Cl_3,B-site mixed,2.805890175,4.6009,0.002324322,1,0,0,0,0,0.5,0,0.125,0.375,0,0,3,0,0,1.51,1033,336.8,0.86,39.098,48.36,418.8,2.33,76.9,0.82,19,4,1.004,2303.375,1135.563,3.219,64.434,-39.5,643.55,17.191,220.222,1.365,29,4.25,1.81,239.18,172.17,3.214,35.453,348.8,1251.1,3.21,10.2,3.16,17,3
K_0.375Rb_0.125MA_0.5SrI_3,A-site mixed,1.099422461,4.3827,0.002544389,0.375,0.125,0,0.5,0,0,1,0,0,0,0,0,0,3,1.853,641,255.704,0.864,41.378,28.338,670.575,4.231,49.413,1.685,48.25,5.625,1.26,1655,1042,2.54,87.62,-168,549.5,8.2,136.9,0.95,38,5,2.2,457.5,386.7,4.93,126.904,295.3,1008.4,7.76,20.9,2.66,53,5
FABaI_3,Pure,-0.936632621,4.3805,0.001711182,0,0,0,0,1,0,0,1,0,0,0,0,0,3,2.53,319,354,1.1,45.057,8.6,849.1,6.5,29,2.57,91,8,1.42,2078,1002,3.59,137.33,-52,502.9,8.01,140.2,0.89,56,6,2.2,457.5,386.7,4.93,126.904,295.3,1008.4,7.76,20.9,2.66,53,5
K_0.25Rb_0.125Cs_0.125MA_0.5SrI_3,A-site mixed,0.739113927,4.3981,0.00253043,0.25,0.125,0.125,0.5,0,0,1,0,0,0,0,0,0,3,1.881,629.875,251.296,0.99,53.104,27.979,665.188,4.202,48.267,1.681,52.75,5.875,1.26,1655,1042,2.54,87.62,-168,549.5,8.2,136.9,0.95,38,5,2.2,457.5,386.7,4.93,126.904,295.3,1008.4,7.76,20.9,2.66,53,5
MACa_0.25Sr_0.25Ge_0.375Pb_0.125Cl_3,B-site mixed,0.01902734,4.2139,0.004189723,0,0,0,1,0,0.25,0.25,0,0.375,0,0.125,3,0,0,2.17,267,180.65,0.7,32.066,8.684,926.3,6.13,23.85,2.55,73,7,1.04,2271,1067.894,4.436,85.053,-22.25,660.05,16.704,220.493,1.532,36.75,4.5,1.81,239.18,172.17,3.214,35.453,348.8,1251.1,3.21,10.2,3.16,17,3
KBaBr_3,Pure,0.569422181,4.5934,0.00125911,1,0,0,0,0,0,0,1,0,0,0,0,3,0,1.51,1033,336.8,0.86,39.098,48.36,418.8,2.33,76.9,0.82,19,4,1.42,2078,1002,3.59,137.33,-52,502.9,8.01,140.2,0.89,56,6,1.96,331.85,265.95,3.12,79.904,324.6,1139.9,5.286,14.725,2.96,35,4
CsCaI_3,Pure,-0.483632734,4.5119,0.003072428,0,0,1,0,0,1,0,0,0,0,0,0,0,3,1.74,944,301.54,1.87,132.905,45.49,375.7,2.092,67.74,0.79,55,6,1,1757,1112,1.55,40.078,-156,589.8,8.53,154.67,1,20,4,2.2,457.5,386.7,4.93,126.904,295.3,1008.4,7.76,20.9,2.66,53,5
FABaI_2.625Br_0.375,X-site mixed,-1.003892869,4.5065,0.001669776,0,0,0,0,1,0,0,1,0,0,0,0,0.375,2.625,2.53,319,354,1.1,45.057,8.6,849.1,6.5,29,2.57,91,8,1.42,2078,1002,3.59,137.33,-52,502.9,8.01,140.2,0.89,56,6,2.17,441.794,371.606,4.704,121.029,298.963,1024.837,7.451,20.128,2.697,50.75,4.875
MACaI_3,Pure,0.137601184,4.4646,0.0026981,0,0,0,1,0,1,0,0,0,0,0,0,0,3,2.17,267,180.65,0.7,32.066,8.684,926.3,6.13,23.85,2.55,73,7,1,1757,1112,1.55,40.078,-156,589.8,8.53,154.67,1,20,4,2.2,457.5,386.7,4.93,126.904,295.3,1008.4,7.76,20.9,2.66,53,5
MABaI_3,Pure,-0.024611167,4.5714,0.00250025,0,0,0,1,0,0,0,1,0,0,0,0,0,3,2.17,267,180.65,0.7,32.066,8.684,926.3,6.13,23.85,2.55,73,7,1.42,2078,1002,3.59,137.33,-52,502.9,8.01,140.2,0.89,56,6,2.2,457.5,386.7,4.93,126.904,295.3,1008.4,7.76,20.9,2.66,53,5
RbCa_0.125Ba_0.875Br_3,B-site mixed,0.27760138,4.7052,0.001199718,0,1,0,0,0,0.125,0,0.875,0,0,0,0,3,0,1.61,961,312.63,1.532,85.468,46.89,403,2.34,69.2,0.82,37,5,1.367,2037.875,1015.75,3.335,125.174,-65,513.762,8.075,142.009,0.904,51.5,5.75,1.96,331.85,265.95,3.12,79.904,324.6,1139.9,5.286,14.725,2.96,35,4
KCa_0.5Ba_0.5Br_3,B-site mixed,0.340058165,4.7075,0.001271626,1,0,0,0,0,0.5,0,0.5,0,0,0,0,3,0,1.51,1033,336.8,0.86,39.098,48.36,418.8,2.33,76.9,0.82,19,4,1.21,1917.5,1057,2.57,88.704,-104,546.35,8.27,147.435,0.945,38,5,1.96,331.85,265.95,3.12,79.904,324.6,1139.9,5.286,14.725,2.96,35,4
K_0.375Rb_0.125MA_0.5CaI_3,A-site mixed,1.230742911,4.4149,0.003087803,0.375,0.125,0,0.5,0,1,0,0,0,0,0,0,0,3,1.853,641,255.704,0.864,41.378,28.338,670.575,4.231,49.413,1.685,48.25,5.625,1,1757,1112,1.55,40.078,-156,589.8,8.53,154.67,1,20,4,2.2,457.5,386.7,4.93,126.904,295.3,1008.4,7.76,20.9,2.66,53,5
KSrBr_3,Pure,0.272710795,4.7457,0.001159733,1,0,0,0,0,0,1,0,0,0,0,0,3,0,1.51,1033,336.8,0.86,39.098,48.36,418.8,2.33,76.9,0.82,19,4,1.26,1655,1042,2.54,87.62,-168,549.5,8.2,136.9,0.95,38,5,1.96,331.85,265.95,3.12,79.904,324.6,1139.9,5.286,14.725,2.96,35,4
RbBaBr_3,Pure,0.293517283,4.7469,0.001196184,0,1,0,0,0,0,0,1,0,0,0,0,3,0,1.61,961,312.63,1.532,85.468,46.89,403,2.34,69.2,0.82,37,5,1.42,2078,1002,3.59,137.33,-52,502.9,8.01,140.2,0.89,56,6,1.96,331.85,265.95,3.12,79.904,324.6,1139.9,5.286,14.725,2.96,35,4
MABaI_1.125Br_1.875,X-site mixed,-0.021020722,4.667,0.001637283,0,0,0,1,0,0,0,1,0,0,0,0,1.875,1.125,2.17,267,180.65,0.7,32.066,8.684,926.3,6.13,23.85,2.55,73,7,1.42,2078,1002,3.59,137.33,-52,502.9,8.01,140.2,0.89,56,6,2.05,378.969,311.231,3.799,97.529,313.613,1090.587,6.214,17.041,2.848,41.75,4.375
RbSr_0.875Ge_0.125Cl_3,B-site mixed,0.095365241,4.8927,0.001154602,0,1,0,0,0,0,0.875,0,0.125,0,0,3,0,0,1.61,961,312.63,1.532,85.468,46.89,403,2.34,69.2,0.82,37,5,1.211,1836.5,1063.188,2.888,85.744,-132,576.075,11.15,161.575,1.083,37.25,4.875,1.81,239.18,172.17,3.214,35.453,348.8,1251.1,3.21,10.2,3.16,17,3
FACaI_1.5Br_1.5,X-site mixed,-0.775810659,4.6669,0.001671208,0,0,0,0,1,1,0,0,0,0,0,0,1.5,1.5,2.53,319,354,1.1,45.057,8.6,849.1,6.5,29,2.57,91,8,1,1757,1112,1.55,40.078,-156,589.8,8.53,154.67,1,20,4,2.08,394.675,326.325,4.025,103.404,309.95,1074.15,6.523,17.813,2.81,44,4.5
K_0.75Rb_0.25SrBr_3,A-site mixed,0.207675881,4.7816,0.001144022,0.75,0.25,0,0,0,0,1,0,0,0,0,0,3,0,1.535,1015,330.758,1.028,50.691,47.992,414.85,2.333,74.975,0.82,23.5,4.25,1.26,1655,1042,2.54,87.62,-168,549.5,8.2,136.9,0.95,38,5,1.96,331.85,265.95,3.12,79.904,324.6,1139.9,5.286,14.725,2.96,35,4
K_0.375Rb_0.125Cs_0.125FA_0.375CaI_3,A-site mixed,0.793778265,4.517,0.002161831,0.375,0.125,0.125,0,0.375,1,0,0,0,0,0,0,0,3,1.934,745.125,335.821,1.16,58.855,32.907,572.8,3.865,56.83,1.472,52.75,5.875,1,1757,1112,1.55,40.078,-156,589.8,8.53,154.67,1,20,4,2.2,457.5,386.7,4.93,126.904,295.3,1008.4,7.76,20.9,2.66,53,5
RbSrBr_3,Pure,0.012508139,4.9226,0.001099262,0,1,0,0,0,0,1,0,0,0,0,0,3,0,1.61,961,312.63,1.532,85.468,46.89,403,2.34,69.2,0.82,37,5,1.26,1655,1042,2.54,87.62,-168,549.5,8.2,136.9,0.95,38,5,1.96,331.85,265.95,3.12,79.904,324.6,1139.9,5.286,14.725,2.96,35,4
KCaBr_3,Pure,0.08541094,4.9534,0.001238041,1,0,0,0,0,1,0,0,0,0,0,0,3,0,1.51,1033,336.8,0.86,39.098,48.36,418.8,2.33,76.9,0.82,19,4,1,1757,1112,1.55,40.078,-156,589.8,8.53,154.67,1,20,4,1.96,331.85,265.95,3.12,79.904,324.6,1139.9,5.286,14.725,2.96,35,4
CsCa_0.875Pb_0.125Br_3,B-site mixed,-0.448689699,4.2079,0.005732112,0,0,1,0,0,0.875,0,0,0,0,0.125,0,3,0,1.74,944,301.54,1.87,132.905,45.49,375.7,2.092,67.74,0.79,55,6,1.024,1790.25,1048.081,2.775,60.968,-122.75,605.512,8.06,157.574,1.166,27.75,4.25,1.96,331.85,265.95,3.12,79.904,324.6,1139.9,5.286,14.725,2.96,35,4
CsSr_0.125Ba_0.875Br_3,B-site mixed,-0.105268893,5.0062,0.001144921,0,0,1,0,0,0,0.125,0.875,0,0,0,0,3,0,1.74,944,301.54,1.87,132.905,45.49,375.7,2.092,67.74,0.79,55,6,1.4,2025.125,1007,3.459,131.116,-66.5,508.725,8.034,139.787,0.898,53.75,5.875,1.96,331.85,265.95,3.12,79.904,324.6,1139.9,5.286,14.725,2.96,35,4
KSrBr_1.5Cl_1.5,X-site mixed,1.587740483,5.0237,0.000874286,1,0,0,0,0,0,1,0,0,0,0,1.5,1.5,0,1.51,1033,336.8,0.86,39.098,48.36,418.8,2.33,76.9,0.82,19,4,1.26,1655,1042,2.54,87.62,-168,549.5,8.2,136.9,0.95,38,5,1.885,285.515,219.06,3.167,57.678,336.7,1195.5,4.248,12.462,3.06,26,3.5
CsBaBr_3,Pure,-0.084888142,5.0142,0.001168134,0,0,1,0,0,0,0,1,0,0,0,0,3,0,1.74,944,301.54,1.87,132.905,45.49,375.7,2.092,67.74,0.79,55,6,1.42,2078,1002,3.59,137.33,-52,502.9,8.01,140.2,0.89,56,6,1.96,331.85,265.95,3.12,79.904,324.6,1139.9,5.286,14.725,2.96,35,4
RbCaBr_3,Pure,-0.148570562,5.1389,0.00118562,0,1,0,0,0,1,0,0,0,0,0,0,3,0,1.61,961,312.63,1.532,85.468,46.89,403,2.34,69.2,0.82,37,5,1,1757,1112,1.55,40.078,-156,589.8,8.53,154.67,1,20,4,1.96,331.85,265.95,3.12,79.904,324.6,1139.9,5.286,14.725,2.96,35,4
RbSrBr_1.5Cl_1.5,X-site mixed,0.080482286,5.191,0.000834524,0,1,0,0,0,0,1,0,0,0,0,1.5,1.5,0,1.61,961,312.63,1.532,85.468,46.89,403,2.34,69.2,0.82,37,5,1.26,1655,1042,2.54,87.62,-168,549.5,8.2,136.9,0.95,38,5,1.885,285.515,219.06,3.167,57.678,336.7,1195.5,4.248,12.462,3.06,26,3.5
MACa_0.5Ba_0.125Pb_0.375Cl_3,B-site mixed,-0.127154684,4.6373,0.003145782,0,0,0,1,0,0.5,0,0.125,0,0,0.375,3,0,0,2.17,267,180.65,0.7,32.066,8.684,926.3,6.13,23.85,2.55,73,7,1.124,1896.875,906.494,5.48,114.905,-43.25,626.075,7.055,161.572,1.485,47.75,5,1.81,239.18,172.17,3.214,35.453,348.8,1251.1,3.21,10.2,3.16,17,3
MASr_0.5Pb_0.5Cl_3,B-site mixed,-0.160369091,4.6526,0.003344767,0,0,0,1,0,0,0.5,0,0,0,0.5,3,0,0,2.17,267,180.65,0.7,32.066,8.684,926.3,6.13,23.85,2.55,73,7,1.225,1839,821.325,6.945,147.41,-29,632.5,6.485,157.4,1.64,60,5.5,1.81,239.18,172.17,3.214,35.453,348.8,1251.1,3.21,10.2,3.16,17,3
MACa_0.5Pb_0.5Cl_3,B-site mixed,-0.164125884,4.6655,0.003429479,0,0,0,1,0,0.5,0,0,0,0,0.5,3,0,0,2.17,267,180.65,0.7,32.066,8.684,926.3,6.13,23.85,2.55,73,7,1.095,1890,856.325,6.45,123.639,-23,652.65,6.65,166.285,1.665,51,5,1.81,239.18,172.17,3.214,35.453,348.8,1251.1,3.21,10.2,3.16,17,3
KBaCl_3,Pure,3.234432295,5.4055,0.000599168,1,0,0,0,0,0,0,1,0,0,0,3,0,0,1.51,1033,336.8,0.86,39.098,48.36,418.8,2.33,76.9,0.82,19,4,1.42,2078,1002,3.59,137.33,-52,502.9,8.01,140.2,0.89,56,6,1.81,239.18,172.17,3.214,35.453,348.8,1251.1,3.21,10.2,3.16,17,3
MABaBr_3,Pure,-0.100433083,5.3007,0.001029913,0,0,0,1,0,0,0,1,0,0,0,0,3,0,2.17,267,180.65,0.7,32.066,8.684,926.3,6.13,23.85,2.55,73,7,1.42,2078,1002,3.59,137.33,-52,502.9,8.01,140.2,0.89,56,6,1.96,331.85,265.95,3.12,79.904,324.6,1139.9,5.286,14.725,2.96,35,4
MA_0.625FA_0.375CaBr_3,A-site mixed,-0.308887552,5.2941,0.000930261,0,0,0,0.625,0.375,1,0,0,0,0,0,0,3,0,2.305,286.5,245.656,0.85,36.938,8.652,897.35,6.269,25.781,2.558,79.75,7.375,1,1757,1112,1.55,40.078,-156,589.8,8.53,154.67,1,20,4,1.96,331.85,265.95,3.12,79.904,324.6,1139.9,5.286,14.725,2.96,35,4
K_0.5Rb_0.125FA_0.375SrBr_3,A-site mixed,-0.300793965,5.2841,0.000937386,0.5,0.125,0,0,0.375,0,1,0,0,0,0,0,3,0,1.905,756.25,340.229,1.034,47.129,33.266,578.188,3.895,57.975,1.476,48.25,5.625,1.26,1655,1042,2.54,87.62,-168,549.5,8.2,136.9,0.95,38,5,1.96,331.85,265.95,3.12,79.904,324.6,1139.9,5.286,14.725,2.96,35,4
FABaBr_3,Pure,-0.931640719,5.3905,0.000751683,0,0,0,0,1,0,0,1,0,0,0,0,3,0,2.53,319,354,1.1,45.057,8.6,849.1,6.5,29,2.57,91,8,1.42,2078,1002,3.59,137.33,-52,502.9,8.01,140.2,0.89,56,6,1.96,331.85,265.95,3.12,79.904,324.6,1139.9,5.286,14.725,2.96,35,4
MASrBr_3,Pure,-0.193275629,5.4066,0.000943356,0,0,0,1,0,0,1,0,0,0,0,0,3,0,2.17,267,180.65,0.7,32.066,8.684,926.3,6.13,23.85,2.55,73,7,1.26,1655,1042,2.54,87.62,-168,549.5,8.2,136.9,0.95,38,5,1.96,331.85,265.95,3.12,79.904,324.6,1139.9,5.286,14.725,2.96,35,4
CsCaBr_3,Pure,-0.459775731,5.4651,0.001167091,0,0,1,0,0,1,0,0,0,0,0,0,3,0,1.74,944,301.54,1.87,132.905,45.49,375.7,2.092,67.74,0.79,55,6,1,1757,1112,1.55,40.078,-156,589.8,8.53,154.67,1,20,4,1.96,331.85,265.95,3.12,79.904,324.6,1139.9,5.286,14.725,2.96,35,4
RbBaCl_3,Pure,0.453197277,5.5797,0.000574565,0,1,0,0,0,0,0,1,0,0,0,3,0,0,1.61,961,312.63,1.532,85.468,46.89,403,2.34,69.2,0.82,37,5,1.42,2078,1002,3.59,137.33,-52,502.9,8.01,140.2,0.89,56,6,1.81,239.18,172.17,3.214,35.453,348.8,1251.1,3.21,10.2,3.16,17,3
K_0.25Rb_0.375Cs_0.375BaCl_3,A-site mixed,1.651466705,5.6057,0.000580505,0.25,0.375,0.375,0,0,0,0,1,0,0,0,3,0,0,1.634,972.625,314.514,1.491,91.665,46.733,396.712,2.244,70.578,0.809,39.25,5.125,1.42,2078,1002,3.59,137.33,-52,502.9,8.01,140.2,0.89,56,6,1.81,239.18,172.17,3.214,35.453,348.8,1251.1,3.21,10.2,3.16,17,3
MA_0.875FA_0.125CaBr_3,A-site mixed,-0.241302218,5.4723,0.001010035,0,0,0,0.875,0.125,1,0,0,0,0,0,0,3,0,2.215,273.5,202.319,0.75,33.69,8.673,916.65,6.176,24.494,2.552,75.25,7.125,1,1757,1112,1.55,40.078,-156,589.8,8.53,154.67,1,20,4,1.96,331.85,265.95,3.12,79.904,324.6,1139.9,5.286,14.725,2.96,35,4
FACaBr_3,Pure,-0.87952006,5.5598,0.000894971,0,0,0,0,1,1,0,0,0,0,0,0,3,0,2.53,319,354,1.1,45.057,8.6,849.1,6.5,29,2.57,91,8,1,1757,1112,1.55,40.078,-156,589.8,8.53,154.67,1,20,4,1.96,331.85,265.95,3.12,79.904,324.6,1139.9,5.286,14.725,2.96,35,4
MACaBr_3,Pure,-0.149433605,5.4861,0.001060061,0,0,0,1,0,1,0,0,0,0,0,0,3,0,2.17,267,180.65,0.7,32.066,8.684,926.3,6.13,23.85,2.55,73,7,1,1757,1112,1.55,40.078,-156,589.8,8.53,154.67,1,20,4,1.96,331.85,265.95,3.12,79.904,324.6,1139.9,5.286,14.725,2.96,35,4
KSr_0.875Ba_0.125Cl_3,B-site mixed,2.905863597,5.6251,0.0005448,1,0,0,0,0,0,0.875,0.125,0,0,0,3,0,0,1.51,1033,336.8,0.86,39.098,48.36,418.8,2.33,76.9,0.82,19,4,1.28,1707.875,1037,2.671,93.834,-153.5,543.675,8.176,137.313,0.942,40.25,5.125,1.81,239.18,172.17,3.214,35.453,348.8,1251.1,3.21,10.2,3.16,17,3
FASrBr_3,Pure,-0.98440458,5.579,0.000692214,0,0,0,0,1,0,1,0,0,0,0,0,3,0,2.53,319,354,1.1,45.057,8.6,849.1,6.5,29,2.57,91,8,1.26,1655,1042,2.54,87.62,-168,549.5,8.2,136.9,0.95,38,5,1.96,331.85,265.95,3.12,79.904,324.6,1139.9,5.286,14.725,2.96,35,4
KSrCl_3,Pure,2.840877914,5.6792,0.000540127,1,0,0,0,0,0,1,0,0,0,0,3,0,0,1.51,1033,336.8,0.86,39.098,48.36,418.8,2.33,76.9,0.82,19,4,1.26,1655,1042,2.54,87.62,-168,549.5,8.2,136.9,0.95,38,5,1.81,239.18,172.17,3.214,35.453,348.8,1251.1,3.21,10.2,3.16,17,3
KCa_0.75Ba_0.25Cl_3,B-site mixed,2.801788918,5.7588,0.000571805,1,0,0,0,0,0.75,0,0.25,0,0,0,3,0,0,1.51,1033,336.8,0.86,39.098,48.36,418.8,2.33,76.9,0.82,19,4,1.105,1837.25,1084.5,2.06,64.391,-130,568.075,8.4,151.053,0.973,29,4.5,1.81,239.18,172.17,3.214,35.453,348.8,1251.1,3.21,10.2,3.16,17,3
FASrBr_0.375Cl_2.625,X-site mixed,-0.983994826,5.7244,0.000521332,0,0,0,0,1,0,1,0,0,0,0,2.625,0.375,0,2.53,319,354,1.1,45.057,8.6,849.1,6.5,29,2.57,91,8,1.26,1655,1042,2.54,87.62,-168,549.5,8.2,136.9,0.95,38,5,1.829,250.764,183.893,3.202,41.009,345.775,1237.2,3.47,10.766,3.135,19.25,3.125
RbSrCl_3,Pure,0.080660697,5.875,0.000518702,0,1,0,0,0,0,1,0,0,0,0,3,0,0,1.61,961,312.63,1.532,85.468,46.89,403,2.34,69.2,0.82,37,5,1.26,1655,1042,2.54,87.62,-168,549.5,8.2,136.9,0.95,38,5,1.81,239.18,172.17,3.214,35.453,348.8,1251.1,3.21,10.2,3.16,17,3
MABaBr_0.375Cl_2.625,X-site mixed,0.027991306,5.7259,0.000685507,0,0,0,1,0,0,0,1,0,0,0,2.625,0.375,0,2.17,267,180.65,0.7,32.066,8.684,926.3,6.13,23.85,2.55,73,7,1.42,2078,1002,3.59,137.33,-52,502.9,8.01,140.2,0.89,56,6,1.829,250.764,183.893,3.202,41.009,345.775,1237.2,3.47,10.766,3.135,19.25,3.125
CsBaCl_3,Pure,1.789444373,5.9059,0.000574139,0,0,1,0,0,0,0,1,0,0,0,3,0,0,1.74,944,301.54,1.87,132.905,45.49,375.7,2.092,67.74,0.79,55,6,1.42,2078,1002,3.59,137.33,-52,502.9,8.01,140.2,0.89,56,6,1.81,239.18,172.17,3.214,35.453,348.8,1251.1,3.21,10.2,3.16,17,3
KCaCl_3,Pure,2.570224499,6.0227,0.000562978,1,0,0,0,0,1,0,0,0,0,0,3,0,0,1.51,1033,336.8,0.86,39.098,48.36,418.8,2.33,76.9,0.82,19,4,1,1757,1112,1.55,40.078,-156,589.8,8.53,154.67,1,20,4,1.81,239.18,172.17,3.214,35.453,348.8,1251.1,3.21,10.2,3.16,17,3
FACa_0.5Sr_0.5Cl_3,B-site mixed,-0.739928537,6.04,0.000408043,0,0,0,0,1,0.5,0.5,0,0,0,0,3,0,0,2.53,319,354,1.1,45.057,8.6,849.1,6.5,29,2.57,91,8,1.13,1706,1077,2.045,63.849,-162,569.65,8.365,145.785,0.975,29,4.5,1.81,239.18,172.17,3.214,35.453,348.8,1251.1,3.21,10.2,3.16,17,3
RbCa_0.875Sr_0.125Cl_3,B-site mixed,-0.11954488,6.1673,0.000536096,0,1,0,0,0,0.875,0.125,0,0,0,0,3,0,0,1.61,961,312.63,1.532,85.468,46.89,403,2.34,69.2,0.82,37,5,1.032,1744.25,1103.25,1.674,46.021,-157.5,584.762,8.489,152.449,0.994,22.25,4.125,1.81,239.18,172.17,3.214,35.453,348.8,1251.1,3.21,10.2,3.16,17,3
FASr_0.5Ba_0.5Cl_3,B-site mixed,-0.73959447,5.8949,0.000407922,0,0,0,0,1,0,0.5,0.5,0,0,0,3,0,0,2.53,319,354,1.1,45.057,8.6,849.1,6.5,29,2.57,91,8,1.34,1866.5,1022,3.065,112.475,-110,526.2,8.105,138.55,0.92,47,5.5,1.81,239.18,172.17,3.214,35.453,348.8,1251.1,3.21,10.2,3.16,17,3
CsSrCl_3,Pure,1.456950769,6.2214,0.000513437,0,0,1,0,0,0,1,0,0,0,0,3,0,0,1.74,944,301.54,1.87,132.905,45.49,375.7,2.092,67.74,0.79,55,6,1.26,1655,1042,2.54,87.62,-168,549.5,8.2,136.9,0.95,38,5,1.81,239.18,172.17,3.214,35.453,348.8,1251.1,3.21,10.2,3.16,17,3
RbCaCl_3,Pure,-0.157701583,6.2388,0.000542434,0,1,0,0,0,1,0,0,0,0,0,3,0,0,1.61,961,312.63,1.532,85.468,46.89,403,2.34,69.2,0.82,37,5,1,1757,1112,1.55,40.078,-156,589.8,8.53,154.67,1,20,4,1.81,239.18,172.17,3.214,35.453,348.8,1251.1,3.21,10.2,3.16,17,3
MABaCl_3,Pure,0.055666154,6.2242,0.000495245,0,0,0,1,0,0,0,1,0,0,0,3,0,0,2.17,267,180.65,0.7,32.066,8.684,926.3,6.13,23.85,2.55,73,7,1.42,2078,1002,3.59,137.33,-52,502.9,8.01,140.2,0.89,56,6,1.81,239.18,172.17,3.214,35.453,348.8,1251.1,3.21,10.2,3.16,17,3
FACaCl_3,Pure,-0.902083893,6.2999,0.000439512,0,0,0,0,1,1,0,0,0,0,0,3,0,0,2.53,319,354,1.1,45.057,8.6,849.1,6.5,29,2.57,91,8,1,1757,1112,1.55,40.078,-156,589.8,8.53,154.67,1,20,4,1.81,239.18,172.17,3.214,35.453,348.8,1251.1,3.21,10.2,3.16,17,3
K_0.125Rb_0.5Cs_0.375CaCl_3,A-site mixed,0.723904164,6.312,0.000549589,0.125,0.5,0.375,0,0,1,0,0,0,0,0,3,0,0,1.646,963.625,311.493,1.575,97.461,46.549,394.737,2.246,69.615,0.809,41.5,5.25,1,1757,1112,1.55,40.078,-156,589.8,8.53,154.67,1,20,4,1.81,239.18,172.17,3.214,35.453,348.8,1251.1,3.21,10.2,3.16,17,3
MASrCl_3,Pure,-0.106501204,6.4539,0.000446934,0,0,0,1,0,0,1,0,0,0,0,3,0,0,2.17,267,180.65,0.7,32.066,8.684,926.3,6.13,23.85,2.55,73,7,1.26,1655,1042,2.54,87.62,-168,549.5,8.2,136.9,0.95,38,5,1.81,239.18,172.17,3.214,35.453,348.8,1251.1,3.21,10.2,3.16,17,3
Rb_0.5MA_0.5CaCl_3,A-site mixed,-0.128191496,6.4113,0.00050066,0,0.5,0,0.5,0,1,0,0,0,0,0,3,0,0,1.89,614,246.64,1.116,58.767,27.787,664.65,4.235,46.525,1.685,55,6,1,1757,1112,1.55,40.078,-156,589.8,8.53,154.67,1,20,4,1.81,239.18,172.17,3.214,35.453,348.8,1251.1,3.21,10.2,3.16,17,3
K_0.25Rb_0.25MA_0.5CaCl_3,A-site mixed,0.540196754,6.4145,0.00050624,0.25,0.25,0,0.5,0,1,0,0,0,0,0,3,0,0,1.865,632,252.683,0.948,47.175,28.154,668.6,4.232,48.45,1.685,50.5,5.75,1,1757,1112,1.55,40.078,-156,589.8,8.53,154.67,1,20,4,1.81,239.18,172.17,3.214,35.453,348.8,1251.1,3.21,10.2,3.16,17,3
Rb_0.375Cs_0.125MA_0.5CaCl_3,A-site mixed,0.052914759,6.4383,0.000501924,0,0.375,0.125,0.5,0,1,0,0,0,0,0,3,0,0,1.906,611.875,245.254,1.158,64.697,27.612,661.237,4.204,46.343,1.681,57.25,6.125,1,1757,1112,1.55,40.078,-156,589.8,8.53,154.67,1,20,4,1.81,239.18,172.17,3.214,35.453,348.8,1251.1,3.21,10.2,3.16,17,3
MACaCl_3,Pure,-0.104026626,6.6334,0.000469335,0,0,0,1,0,1,0,0,0,0,0,3,0,0,2.17,267,180.65,0.7,32.066,8.684,926.3,6.13,23.85,2.55,73,7,1,1757,1112,1.55,40.078,-156,589.8,8.53,154.67,1,20,4,1.81,239.18,172.17,3.214,35.453,348.8,1251.1,3.21,10.2,3.16,17,3
CsCaCl_3,Pure,1.274471753,6.6682,0.000546753,0,0,1,0,0,1,0,0,0,0,0,3,0,0,1.74,944,301.54,1.87,132.905,45.49,375.7,2.092,67.74,0.79,55,6,1,1757,1112,1.55,40.078,-156,589.8,8.53,154.67,1,20,4,1.81,239.18,172.17,3.214,35.453,348.8,1251.1,3.21,10.2,3.16,17,3