MAGeCl_3,Pure,-0.230524304,3.0126,0.025033718,0,0,0,1,0,0,0,0,1,0,0,3,0,0,2.17,267,180.65,0.7,32.066,8.684,926.3,6.13,23.85,2.55,73,7,0.87,3107,1211.5,5.32,72.61,120,762.1,31.8,334.3,2.01,32,4,1.81,239.18,172.17,3.214,35.453,348.8,1251.1,3.21,10.2,3.16,17,3
MAGeBr_3,Pure,-0.414158715,3.2954,0.012962813,0,0,0,1,0,0,0,0,1,0,0,0,3,0,2.17,267,180.65,0.7,32.066,8.684,926.3,6.13,23.85,2.55,73,7,0.87,3107,1211.5,5.32,72.61,120,762.1,31.8,334.3,2.01,32,4,1.96,331.85,265.95,3.12,79.904,324.6,1139.9,5.286,14.725,2.96,35,4
MAGeI_3,Pure,-0.057971218,2.4375,0.077482608,0,0,0,1,0,0,0,0,1,0,0,0,0,3,2.17,267,180.65,0.7,32.066,8.684,926.3,6.13,23.85,2.55,73,7,0.87,3107,1211.5,5.32,72.61,120,762.1,31.8,334.3,2.01,32,4,2.2,457.5,386.7,4.93,126.904,295.3,1008.4,7.76,20.9,2.66,53,5
MASnCl_3,Pure,-0.2519712,3.0628,0.016610717,0,0,0,1,0,0,0,0,0,1,0,3,0,0,2.17,267,180.65,0.7,32.066,8.684,926.3,6.13,23.85,2.55,73,7,1.15,2876,505.12,7.31,118.71,121,708.6,7.2,290.37,1.96,50,5,1.81,239.18,172.17,3.214,35.453,348.8,1251.1,3.21,10.2,3.16,17,3
MASnBr_3,Pure,-0.284521765,3.405,0.006591808,0,0,0,1,0,0,0,0,0,1,0,0,3,0,2.17,267,180.65,0.7,32.066,8.684,926.3,6.13,23.85,2.55,73,7,1.15,2876,505.12,7.31,118.71,121,708.6,7.2,290.37,1.96,50,5,1.96,331.85,265.95,3.12,79.904,324.6,1139.9,5.286,14.725,2.96,35,4
MASnI_3,Pure,-0.064384015,2.4699,0.06274716,0,0,0,1,0,0,0,0,0,1,0,0,0,3,2.17,267,180.65,0.7,32.066,8.684,926.3,6.13,23.85,2.55,73,7,1.15,2876,505.12,7.31,118.71,121,708.6,7.2,290.37,1.96,50,5,2.2,457.5,386.7,4.93,126.904,295.3,1008.4,7.76,20.9,2.66,53,5
MAPbI_3,Pure,-0.042811627,1.9696,0.153837353,0,0,0,1,0,0,0,0,0,0,1,0,0,3,2.17,267,180.65,0.7,32.066,8.684,926.3,6.13,23.85,2.55,73,7,1.19,2023,600.65,11.35,207.2,110,715.5,4.77,177.9,2.33,82,6,2.2,457.5,386.7,4.93,126.904,295.3,1008.4,7.76,20.9,2.66,53,5
MAPbBr_3,Pure,-0.571284121,2.6687,0.03619475,0,0,0,1,0,0,0,0,0,0,1,0,3,0,2.17,267,180.65,0.7,32.066,8.684,926.3,6.13,23.85,2.55,73,7,1.19,2023,600.65,11.35,207.2,110,715.5,4.77,177.9,2.33,82,6,1.96,331.85,265.95,3.12,79.904,324.6,1139.9,5.286,14.725,2.96,35,4
MAPbCl_3,Pure,-0.247713249,2.9844,0.024397598,0,0,0,1,0,0,0,0,0,0,1,3,0,0,2.17,267,180.65,0.7,32.066,8.684,926.3,6.13,23.85,2.55,73,7,1.19,2023,600.65,11.35,207.2,110,715.5,4.77,177.9,2.33,82,6,1.81,239.18,172.17,3.214,35.453,348.8,1251.1,3.21,10.2,3.16,17,3
CsGeCl_3,Pure,1.41793792,1.8179,0.114475591,0,0,1,0,0,0,0,0,1,0,0,3,0,0,1.74,944,301.54,1.87,132.905,45.49,375.7,2.092,67.74,0.79,55,6,0.87,3107,1211.5,5.32,72.61,120,762.1,31.8,334.3,2.01,32,4,1.81,239.18,172.17,3.214,35.453,348.8,1251.1,3.21,10.2,3.16,17,3
CsGeBr_3,Pure,-0.440831495,1.415,0.139488298,0,0,1,0,0,0,0,0,1,0,0,0,3,0,1.74,944,301.54,1.87,132.905,45.49,375.7,2.092,67.74,0.79,55,6,0.87,3107,1211.5,5.32,72.61,120,762.1,31.8,334.3,2.01,32,4,1.96,331.85,265.95,3.12,79.904,324.6,1139.9,5.286,14.725,2.96,35,4
CsGeI_3,Pure,-0.484282985,1.0984,0.160502291,0,0,1,0,0,0,0,0,1,0,0,0,0,3,1.74,944,301.54,1.87,132.905,45.49,375.7,2.092,67.74,0.79,55,6,0.87,3107,1211.5,5.32,72.61,120,762.1,31.8,334.3,2.01,32,4,2.2,457.5,386.7,4.93,126.904,295.3,1008.4,7.76,20.9,2.66,53,5
CsSnCl_3,Pure,1.327610845,1.5212,0.111209027,0,0,1,0,0,0,0,0,0,1,0,3,0,0,1.74,944,301.54,1.87,132.905,45.49,375.7,2.092,67.74,0.79,55,6,1.15,2876,505.12,7.31,118.71,121,708.6,7.2,290.37,1.96,50,5,1.81,239.18,172.17,3.214,35.453,348.8,1251.1,3.21,10.2,3.16,17,3
CsSnBr_3,Pure,-0.44511836,1.0964,0.14750268,0,0,1,0,0,0,0,0,0,1,0,0,3,0,1.74,944,301.54,1.87,132.905,45.49,375.7,2.092,67.74,0.79,55,6,1.15,2876,505.12,7.31,118.71,121,708.6,7.2,290.37,1.96,50,5,1.96,331.85,265.95,3.12,79.904,324.6,1139.9,5.286,14.725,2.96,35,4
CsSnI_3,Pure,-0.629216011,0.8031,0.159177325,0,0,1,0,0,0,0,0,0,1,0,0,0,3,1.74,944,301.54,1.87,132.905,45.49,375.7,2.092,67.74,0.79,55,6,1.15,2876,505.12,7.31,118.71,121,708.6,7.2,290.37,1.96,50,5,2.2,457.5,386.7,4.93,126.904,295.3,1008.4,7.76,20.9,2.66,53,5
CsPbCl_3,Pure,1.275439203,2.0071,0.105651391,0,0,1,0,0,0,0,0,0,0,1,3,0,0,1.74,944,301.54,1.87,132.905,45.49,375.7,2.092,67.74,0.79,55,6,1.19,2023,600.65,11.35,207.2,110,715.5,4.77,177.9,2.33,82,6,1.81,239.18,172.17,3.214,35.453,348.8,1251.1,3.21,10.2,3.16,17,3
CsPbBr_3,Pure,-0.529165376,1.4967,0.14623752,0,0,1,0,0,0,0,0,0,0,1,0,3,0,1.74,944,301.54,1.87,132.905,45.49,375.7,2.092,67.74,0.79,55,6,1.19,2023,600.65,11.35,207.2,110,715.5,4.77,177.9,2.33,82,6,1.96,331.85,265.95,3.12,79.904,324.6,1139.9,5.286,14.725,2.96,35,4
CsPbI_3,Pure,-0.616301643,1.006,0.160490531,0,0,1,0,0,0,0,0,0,0,1,0,0,3,1.74,944,301.54,1.87,132.905,45.49,375.7,2.092,67.74,0.79,55,6,1.19,2023,600.65,11.35,207.2,110,715.5,4.77,177.9,2.33,82,6,2.2,457.5,386.7,4.93,126.904,295.3,1008.4,7.76,20.9,2.66,53,5
FAGeCl_3,Pure,-1.351356954,4.421,0.001656547,0,0,0,0,1,0,0,0,1,0,0,3,0,0,2.53,319,354,1.1,45.057,8.6,849.1,6.5,29,2.57,91,8,0.87,3107,1211.5,5.32,72.61,120,762.1,31.8,334.3,2.01,32,4,1.81,239.18,172.17,3.214,35.453,348.8,1251.1,3.21,10.2,3.16,17,3
FAGeBr_3,Pure,-1.131638852,3.7748,0.004074802,0,0,0,0,1,0,0,0,1,0,0,0,3,0,2.53,319,354,1.1,45.057,8.6,849.1,6.5,29,2.57,91,8,0.87,3107,1211.5,5.32,72.61,120,762.1,31.8,334.3,2.01,32,4,1.96,331.85,265.95,3.12,79.904,324.6,1139.9,5.286,14.725,2.96,35,4
FAGeI_3,Pure,-1.001884168,2.7586,0.041329,0,0,0,0,1,0,0,0,1,0,0,0,0,3,2.53,319,354,1.1,45.057,8.6,849.1,6.5,29,2.57,91,8,0.87,3107,1211.5,5.32,72.61,120,762.1,31.8,334.3,2.01,32,4,2.2,457.5,386.7,4.93,126.904,295.3,1008.4,7.76,20.9,2.66,53,5
FASnCl_3,Pure,-1.329047284,3.5901,0.006042673,0,0,0,0,1,0,0,0,0,1,0,3,0,0,2.53,319,354,1.1,45.057,8.6,849.1,6.5,29,2.57,91,8,1.15,2876,505.12,7.31,118.71,121,708.6,7.2,290.37,1.96,50,5,1.81,239.18,172.17,3.214,35.453,348.8,1251.1,3.21,10.2,3.16,17,3
FASnBr_3,Pure,-1.112990144,3.34,0.009073241,0,0,0,0,1,0,0,0,0,1,0,0,3,0,2.53,319,354,1.1,45.057,8.6,849.1,6.5,29,2.57,91,8,1.15,2876,505.12,7.31,118.71,121,708.6,7.2,290.37,1.96,50,5,1.96,331.85,265.95,3.12,79.904,324.6,1139.9,5.286,14.725,2.96,35,4
FASnI_3,Pure,-1.127201836,2.6676,0.047096627,0,0,0,0,1,0,0,0,0,1,0,0,0,3,2.53,319,354,1.1,45.057,8.6,849.1,6.5,29,2.57,91,8,1.15,2876,505.12,7.31,118.71,121,708.6,7.2,290.37,1.96,50,5,2.2,457.5,386.7,4.93,126.904,295.3,1008.4,7.76,20.9,2.66,53,5
FAPbCl_3,Pure,-1.217310184,3.2705,0.01392375,0,0,0,0,1,0,0,0,0,0,1,3,0,0,2.53,319,354,1.1,45.057,8.6,849.1,6.5,29,2.57,91,8,1.19,2023,600.65,11.35,207.2,110,715.5,4.77,177.9,2.33,82,6,1.81,239.18,172.17,3.214,35.453,348.8,1251.1,3.21,10.2,3.16,17,3
FAPbBr_3,Pure,-1.136827868,2.7863,0.042831497,0,0,0,0,1,0,0,0,0,0,1,0,3,0,2.53,319,354,1.1,45.057,8.6,849.1,6.5,29,2.57,91,8,1.19,2023,600.65,11.35,207.2,110,715.5,4.77,177.9,2.33,82,6,1.96,331.85,265.95,3.12,79.904,324.6,1139.9,5.286,14.725,2.96,35,4
FAPbI_3,Pure,-0.987003504,2.1754,0.136078423,0,0,0,0,1,0,0,0,0,0,1,0,0,3,2.53,319,354,1.1,45.057,8.6,849.1,6.5,29,2.57,91,8,1.19,2023,600.65,11.35,207.2,110,715.5,4.77,177.9,2.33,82,6,2.2,457.5,386.7,4.93,126.904,295.3,1008.4,7.76,20.9,2.66,53,5
FABaI_3,Pure,-0.957133712,4.4772,0.001482811,0,0,0,0,1,0,0,1,0,0,0,0,0,3,2.53,319,354,1.1,45.057,8.6,849.1,6.5,29,2.57,91,8,1.42,2078,1002,3.59,137.33,-52,502.9,8.01,140.2,0.89,56,6,2.2,457.5,386.7,4.93,126.904,295.3,1008.4,7.76,20.9,2.66,53,5
FABaBr_3,Pure,-0.949407179,5.4591,0.000677499,0,0,0,0,1,0,0,1,0,0,0,0,3,0,2.53,319,354,1.1,45.057,8.6,849.1,6.5,29,2.57,91,8,1.42,2078,1002,3.59,137.33,-52,502.9,8.01,140.2,0.89,56,6,1.96,331.85,265.95,3.12,79.904,324.6,1139.9,5.286,14.725,2.96,35,4
FABaCl_3,Pure,-0.939782585,6.2102,0.000347183,0,0,0,0,1,0,0,1,0,0,0,3,0,0,2.53,319,354,1.1,45.057,8.6,849.1,6.5,29,2.57,91,8,1.42,2078,1002,3.59,137.33,-52,502.9,8.01,140.2,0.89,56,6,1.81,239.18,172.17,3.214,35.453,348.8,1251.1,3.21,10.2,3.16,17,3
FASrI_3,Pure,-0.956580379,4.5207,0.001593072,0,0,0,0,1,0,1,0,0,0,0,0,0,3,2.53,319,354,1.1,45.057,8.6,849.1,6.5,29,2.57,91,8,1.26,1655,1042,2.54,87.62,-168,549.5,8.2,136.9,0.95,38,5,2.2,457.5,386.7,4.93,126.904,295.3,1008.4,7.76,20.9,2.66,53,5
FASrBr_3,Pure,-1.000581204,5.6388,0.000631203,0,0,0,0,1,0,1,0,0,0,0,0,3,0,2.53,319,354,1.1,45.057,8.6,849.1,6.5,29,2.57,91,8,1.26,1655,1042,2.54,87.62,-168,549.5,8.2,136.9,0.95,38,5,1.96,331.85,265.95,3.12,79.904,324.6,1139.9,5.286,14.725,2.96,35,4
FASrCl_3,Pure,-1.02841491,6.3549,0.000345817,0,0,0,0,1,0,1,0,0,0,0,3,0,0,2.53,319,354,1.1,45.057,8.6,849.1,6.5,29,2.57,91,8,1.26,1655,1042,2.54,87.62,-168,549.5,8.2,136.9,0.95,38,5,1.81,239.18,172.17,3.214,35.453,348.8,1251.1,3.21,10.2,3.16,17,3
FACaI_3,Pure,-0.72980259,4.5094,0.002274096,0,0,0,0,1,1,0,0,0,0,0,0,0,3,2.53,319,354,1.1,45.057,8.6,849.1,6.5,29,2.57,91,8,1,1757,1112,1.55,40.078,-156,589.8,8.53,154.67,1,20,4,2.2,457.5,386.7,4.93,126.904,295.3,1008.4,7.76,20.9,2.66,53,5
FACaBr_3,Pure,-0.897048818,5.6058,0.000835846,0,0,0,0,1,1,0,0,0,0,0,0,3,0,2.53,319,354,1.1,45.057,8.6,849.1,6.5,29,2.57,91,8,1,1757,1112,1.55,40.078,-156,589.8,8.53,154.67,1,20,4,1.96,331.85,265.95,3.12,79.904,324.6,1139.9,5.286,14.725,2.96,35,4
FACaCl_3,Pure,-0.919643364,6.358,0.000398817,0,0,0,0,1,1,0,0,0,0,0,3,0,0,2.53,319,354,1.1,45.057,8.6,849.1,6.5,29,2.57,91,8,1,1757,1112,1.55,40.078,-156,589.8,8.53,154.67,1,20,4,1.81,239.18,172.17,3.214,35.453,348.8,1251.1,3.21,10.2,3.16,17,3
MABaI_3,Pure,-0.035422056,4.5791,0.002475657,0,0,0,1,0,0,0,1,0,0,0,0,0,3,2.17,267,180.65,0.7,32.066,8.684,926.3,6.13,23.85,2.55,73,7,1.42,2078,1002,3.59,137.33,-52,502.9,8.01,140.2,0.89,56,6,2.2,457.5,386.7,4.93,126.904,295.3,1008.4,7.76,20.9,2.66,53,5
MABaBr_3,Pure,-0.119731756,5.3217,0.001002157,0,0,0,1,0,0,0,1,0,0,0,0,3,0,2.17,267,180.65,0.7,32.066,8.684,926.3,6.13,23.85,2.55,73,7,1.42,2078,1002,3.59,137.33,-52,502.9,8.01,140.2,0.89,56,6,1.96,331.85,265.95,3.12,79.904,324.6,1139.9,5.286,14.725,2.96,35,4
MABaCl_3,Pure,0.043666941,6.2896,0.00045116,0,0,0,1,0,0,0,1,0,0,0,3,0,0,2.17,267,180.65,0.7,32.066,8.684,926.3,6.13,23.85,2.55,73,7,1.42,2078,1002,3.59,137.33,-52,502.9,8.01,140.2,0.89,56,6,1.81,239.18,172.17,3.214,35.453,348.8,1251.1,3.21,10.2,3.16,17,3
MASrI_3,Pure,3.563090826,3.4055,0.010638647,0,0,0,1,0,0,1,0,0,0,0,0,0,3,2.17,267,180.65,0.7,32.066,8.684,926.3,6.13,23.85,2.55,73,7,1.26,1655,1042,2.54,87.62,-168,549.5,8.2,136.9,0.95,38,5,2.2,457.5,386.7,4.93,126.904,295.3,1008.4,7.76,20.9,2.66,53,5
MASrBr_3,Pure,-0.20504883,5.4352,0.000908733,0,0,0,1,0,0,1,0,0,0,0,0,3,0,2.17,267,180.65,0.7,32.066,8.684,926.3,6.13,23.85,2.55,73,7,1.26,1655,1042,2.54,87.62,-168,549.5,8.2,136.9,0.95,38,5,1.96,331.85,265.95,3.12,79.904,324.6,1139.9,5.286,14.725,2.96,35,4
MASrCl_3,Pure,-0.118107025,6.491,0.000423725,0,0,0,1,0,0,1,0,0,0,0,3,0,0,2.17,267,180.65,0.7,32.066,8.684,926.3,6.13,23.85,2.55,73,7,1.26,1655,1042,2.54,87.62,-168,549.5,8.2,136.9,0.95,38,5,1.81,239.18,172.17,3.214,35.453,348.8,1251.1,3.21,10.2,3.16,17,3
MACaI_3,Pure,0.101444732,4.5595,0.002376371,0,0,0,1,0,1,0,0,0,0,0,0,0,3,2.17,267,180.65,0.7,32.066,8.684,926.3,6.13,23.85,2.55,73,7,1,1757,1112,1.55,40.078,-156,589.8,8.53,154.67,1,20,4,2.2,457.5,386.7,4.93,126.904,295.3,1008.4,7.76,20.9,2.66,53,5
MACaBr_3,Pure,-0.163373604,5.5379,0.000989603,0,0,0,1,0,1,0,0,0,0,0,0,3,0,2.17,267,180.65,0.7,32.066,8.684,926.3,6.13,23.85,2.55,73,7,1,1757,1112,1.55,40.078,-156,589.8,8.53,154.67,1,20,4,1.96,331.85,265.95,3.12,79.904,324.6,1139.9,5.286,14.725,2.96,35,4
MACaCl_3,Pure,-0.116444614,6.6807,0.000437696,0,0,0,1,0,1,0,0,0,0,0,3,0,0,2.17,267,180.65,0.7,32.066,8.684,926.3,6.13,23.85,2.55,73,7,1,1757,1112,1.55,40.078,-156,589.8,8.53,154.67,1,20,4,1.81,239.18,172.17,3.214,35.453,348.8,1251.1,3.21,10.2,3.16,17,3
CsBaI_3,Pure,-0.379571165,4.2267,0.003022342,0,0,1,0,0,0,0,1,0,0,0,0,0,3,1.74,944,301.54,1.87,132.905,45.49,375.7,2.092,67.74,0.79,55,6,1.42,2078,1002,3.59,137.33,-52,502.9,8.01,140.2,0.89,56,6,2.2,457.5,386.7,4.93,126.904,295.3,1008.4,7.76,20.9,2.66,53,5
CsBaBr_3,Pure,-0.084888142,5.0142,0.001168134,0,0,1,0,0,0,0,1,0,0,0,0,3,0,1.74,944,301.54,1.87,132.905,45.49,375.7,2.092,67.74,0.79,55,6,1.42,2078,1002,3.59,137.33,-52,502.9,8.01,140.2,0.89,56,6,1.96,331.85,265.95,3.12,79.904,324.6,1139.9,5.286,14.725,2.96,35,4
CsBaCl_3,Pure,1.789444371,5.9059,0.000574139,0,0,1,0,0,0,0,1,0,0,0,3,0,0,1.74,944,301.54,1.87,132.905,45.49,375.7,2.092,67.74,0.79,55,6,1.42,2078,1002,3.59,137.33,-52,502.9,8.01,140.2,0.89,56,6,1.81,239.18,172.17,3.214,35.453,348.8,1251.1,3.21,10.2,3.16,17,3
CsSrI_3,Pure,-0.536683391,4.3607,0.00277207,0,0,1,0,0,0,1,0,0,0,0,0,0,3,1.74,944,301.54,1.87,132.905,45.49,375.7,2.092,67.74,0.79,55,6,1.26,1655,1042,2.54,87.62,-168,549.5,8.2,136.9,0.95,38,5,2.2,457.5,386.7,4.93,126.904,295.3,1008.4,7.76,20.9,2.66,53,5
CsSrCl_3,Pure,1.45695077,6.2214,0.000513437,0,0,1,0,0,0,1,0,0,0,0,3,0,0,1.74,944,301.54,1.87,132.905,45.49,375.7,2.092,67.74,0.79,55,6,1.26,1655,1042,2.54,87.62,-168,549.5,8.2,136.9,0.95,38,5,1.81,239.18,172.17,3.214,35.453,348.8,1251.1,3.21,10.2,3.16,17,3
CsCaI_3,Pure,-0.483632734,4.5119,0.003072428,0,0,1,0,0,1,0,0,0,0,0,0,0,3,1.74,944,301.54,1.87,132.905,45.49,375.7,2.092,67.74,0.79,55,6,1,1757,1112,1.55,40.078,-156,589.8,8.53,154.67,1,20,4,2.2,457.5,386.7,4.93,126.904,295.3,1008.4,7.76,20.9,2.66,53,5
CsCaBr_3,Pure,-0.459775731,5.4651,0.001167091,0,0,1,0,0,1,0,0,0,0,0,0,3,0,1.74,944,301.54,1.87,132.905,45.49,375.7,2.092,67.74,0.79,55,6,1,1757,1112,1.55,40.078,-156,589.8,8.53,154.67,1,20,4,1.96,331.85,265.95,3.12,79.904,324.6,1139.9,5.286,14.725,2.96,35,4
CsCaCl_3,Pure,1.274471753,6.6682,0.000546753,0,0,1,0,0,1,0,0,0,0,0,3,0,0,1.74,944,301.54,1.87,132.905,45.49,375.7,2.092,67.74,0.79,55,6,1,1757,1112,1.55,40.078,-156,589.8,8.53,154.67,1,20,4,1.81,239.18,172.17,3.214,35.453,348.8,1251.1,3.21,10.2,3.16,17,3
RbBaI_3,Pure,2.200445098,3.9669,0.003148063,0,1,0,0,0,0,0,1,0,0,0,0,0,3,1.61,961,312.63,1.532,85.468,46.89,403,2.34,69.2,0.82,37,5,1.42,2078,1002,3.59,137.33,-52,502.9,8.01,140.2,0.89,56,6,2.2,457.5,386.7,4.93,126.904,295.3,1008.4,7.76,20.9,2.66,53,5
RbBaBr_3,Pure,0.293517283,4.7469,0.001196184,0,1,0,0,0,0,0,1,0,0,0,0,3,0,1.61,961,312.63,1.532,85.468,46.89,403,2.34,69.2,0.82,37,5,1.42,2078,1002,3.59,137.33,-52,502.9,8.01,140.2,0.89,56,6,1.96,331.85,265.95,3.12,79.904,324.6,1139.9,5.286,14.725,2.96,35,4
RbBaCl_3,Pure,0.453197277,5.5797,0.000574565,0,1,0,0,0,0,0,1,0,0,0,3,0,0,1.61,961,312.63,1.532,85.468,46.89,403,2.34,69.2,0.82,37,5,1.42,2078,1002,3.59,137.33,-52,502.9,8.01,140.2,0.89,56,6,1.81,239.18,172.17,3.214,35.453,348.8,1251.1,3.21,10.2,3.16,17,3
RbSrI_3,Pure,2.02008744,4.081,0.002890868,0,1,0,0,0,0,1,0,0,0,0,0,0,3,1.61,961,312.63,1.532,85.468,46.89,403,2.34,69.2,0.82,37,5,1.26,1655,1042,2.54,87.62,-168,549.5,8.2,136.9,0.95,38,5,2.2,457.5,386.7,4.93,126.904,295.3,1008.4,7.76,20.9,2.66,53,5
RbSrBr_3,Pure,0.012508139,4.9226,0.001099262,0,1,0,0,0,0,1,0,0,0,0,0,3,0,1.61,961,312.63,1.532,85.468,46.89,403,2.34,69.2,0.82,37,5,1.26,1655,1042,2.54,87.62,-168,549.5,8.2,136.9,0.95,38,5,1.96,331.85,265.95,3.12,79.904,324.6,1139.9,5.286,14.725,2.96,35,4
RbSrCl_3,Pure,0.080660697,5.875,0.000518702,0,1,0,0,0,0,1,0,0,0,0,3,0,0,1.61,961,312.63,1.532,85.468,46.89,403,2.34,69.2,0.82,37,5,1.26,1655,1042,2.54,87.62,-168,549.5,8.2,136.9,0.95,38,5,1.81,239.18,172.17,3.214,35.453,348.8,1251.1,3.21,10.2,3.16,17,3
RbCaI_3,Pure,2.055202625,4.1895,0.003358093,0,1,0,0,0,1,0,0,0,0,0,0,0,3,1.61,961,312.63,1.532,85.468,46.89,403,2.34,69.2,0.82,37,5,1,1757,1112,1.55,40.078,-156,589.8,8.53,154.67,1,20,4,2.2,457.5,386.7,4.93,126.904,295.3,1008.4,7.76,20.9,2.66,53,5
RbCaBr_3,Pure,-0.148570564,5.1389,0.00118562,0,1,0,0,0,1,0,0,0,0,0,0,3,0,1.61,961,312.63,1.532,85.468,46.89,403,2.34,69.2,0.82,37,5,1,1757,1112,1.55,40.078,-156,589.8,8.53,154.67,1,20,4,1.96,331.85,265.95,3.12,79.904,324.6,1139.9,5.286,14.725,2.96,35,4
RbCaCl_3,Pure,-0.157701583,6.2388,0.000542434,0,1,0,0,0,1,0,0,0,0,0,3,0,0,1.61,961,312.63,1.532,85.468,46.89,403,2.34,69.2,0.82,37,5,1,1757,1112,1.55,40.078,-156,589.8,8.53,154.67,1,20,4,1.81,239.18,172.17,3.214,35.453,348.8,1251.1,3.21,10.2,3.16,17,3
RbGeI_3,Pure,2.023243051,1.0602,0.160621461,0,1,0,0,0,0,0,0,1,0,0,0,0,3,1.61,961,312.63,1.532,85.468,46.89,403,2.34,69.2,0.82,37,5,0.87,3107,1211.5,5.32,72.61,120,762.1,31.8,334.3,2.01,32,4,2.2,457.5,386.7,4.93,126.904,295.3,1008.4,7.76,20.9,2.66,53,5
RbGeBr_3,Pure,-0.153034958,1.3826,0.138162119,0,1,0,0,0,0,0,0,1,0,0,0,3,0,1.61,961,312.63,1.532,85.468,46.89,403,2.34,69.2,0.82,37,5,0.87,3107,1211.5,5.32,72.61,120,762.1,31.8,334.3,2.01,32,4,1.96,331.85,265.95,3.12,79.904,324.6,1139.9,5.286,14.725,2.96,35,4
RbGeCl_3,Pure,-0.0574316,1.7237,0.120403174,0,1,0,0,0,0,0,0,1,0,0,3,0,0,1.61,961,312.63,1.532,85.468,46.89,403,2.34,69.2,0.82,37,5,0.87,3107,1211.5,5.32,72.61,120,762.1,31.8,334.3,2.01,32,4,1.81,239.18,172.17,3.214,35.453,348.8,1251.1,3.21,10.2,3.16,17,3
RbSnI_3,Pure,1.920021283,0.776,0.159168724,0,1,0,0,0,0,0,0,0,1,0,0,0,3,1.61,961,312.63,1.532,85.468,46.89,403,2.34,69.2,0.82,37,5,1.15,2876,505.12,7.31,118.71,121,708.6,7.2,290.37,1.96,50,5,2.2,457.5,386.7,4.93,126.904,295.3,1008.4,7.76,20.9,2.66,53,5
RbSnBr_3,Pure,-0.096525239,1.1003,0.148077003,0,1,0,0,0,0,0,0,0,1,0,0,3,0,1.61,961,312.63,1.532,85.468,46.89,403,2.34,69.2,0.82,37,5,1.15,2876,505.12,7.31,118.71,121,708.6,7.2,290.37,1.96,50,5,1.96,331.85,265.95,3.12,79.904,324.6,1139.9,5.286,14.725,2.96,35,4
RbSnCl_3,Pure,-0.067946371,1.4632,0.115835251,0,1,0,0,0,0,0,0,0,1,0,3,0,0,1.61,961,312.63,1.532,85.468,46.89,403,2.34,69.2,0.82,37,5,1.15,2876,505.12,7.31,118.71,121,708.6,7.2,290.37,1.96,50,5,1.81,239.18,172.17,3.214,35.453,348.8,1251.1,3.21,10.2,3.16,17,3
RbPbI_3,Pure,1.936731671,0.9896,0.160142573,0,1,0,0,0,0,0,0,0,0,1,0,0,3,1.61,961,312.63,1.532,85.468,46.89,403,2.34,69.2,0.82,37,5,1.19,2023,600.65,11.35,207.2,110,715.5,4.77,177.9,2.33,82,6,2.2,457.5,386.7,4.93,126.904,295.3,1008.4,7.76,20.9,2.66,53,5
RbPbBr_3,Pure,-0.179660868,1.4732,0.146924492,0,1,0,0,0,0,0,0,0,0,1,0,3,0,1.61,961,312.63,1.532,85.468,46.89,403,2.34,69.2,0.82,37,5,1.19,2023,600.65,11.35,207.2,110,715.5,4.77,177.9,2.33,82,6,1.96,331.85,265.95,3.12,79.904,324.6,1139.9,5.286,14.725,2.96,35,4
RbPbCl_3,Pure,-0.100521557,1.979,0.109263431,0,1,0,0,0,0,0,0,0,0,1,3,0,0,1.61,961,312.63,1.532,85.468,46.89,403,2.34,69.2,0.82,37,5,1.19,2023,600.65,11.35,207.2,110,715.5,4.77,177.9,2.33,82,6,1.81,239.18,172.17,3.214,35.453,348.8,1251.1,3.21,10.2,3.16,17,3
KBaI_3,Pure,2.698676825,3.8183,0.003370667,1,0,0,0,0,0,0,1,0,0,0,0,0,3,1.51,1033,336.8,0.86,39.098,48.36,418.8,2.33,76.9,0.82,19,4,1.42,2078,1002,3.59,137.33,-52,502.9,8.01,140.2,0.89,56,6,2.2,457.5,386.7,4.93,126.904,295.3,1008.4,7.76,20.9,2.66,53,5
KBaBr_3,Pure,0.569422181,4.5934,0.00125911,1,0,0,0,0,0,0,1,0,0,0,0,3,0,1.51,1033,336.8,0.86,39.098,48.36,418.8,2.33,76.9,0.82,19,4,1.42,2078,1002,3.59,137.33,-52,502.9,8.01,140.2,0.89,56,6,1.96,331.85,265.95,3.12,79.904,324.6,1139.9,5.286,14.725,2.96,35,4
KBaCl_3,Pure,3.234432296,5.4055,0.000599168,1,0,0,0,0,0,0,1,0,0,0,3,0,0,1.51,1033,336.8,0.86,39.098,48.36,418.8,2.33,76.9,0.82,19,4,1.42,2078,1002,3.59,137.33,-52,502.9,8.01,140.2,0.89,56,6,1.81,239.18,172.17,3.214,35.453,348.8,1251.1,3.21,10.2,3.16,17,3
KSrI_3,Pure,2.506069601,3.9125,0.00308138,1,0,0,0,0,0,1,0,0,0,0,0,0,3,1.51,1033,336.8,0.86,39.098,48.36,418.8,2.33,76.9,0.82,19,4,1.26,1655,1042,2.54,87.62,-168,549.5,8.2,136.9,0.95,38,5,2.2,457.5,386.7,4.93,126.904,295.3,1008.4,7.76,20.9,2.66,53,5
KSrBr_3,Pure,0.272710795,4.7457,0.001159733,1,0,0,0,0,0,1,0,0,0,0,0,3,0,1.51,1033,336.8,0.86,39.098,48.36,418.8,2.33,76.9,0.82,19,4,1.26,1655,1042,2.54,87.62,-168,549.5,8.2,136.9,0.95,38,5,1.96,331.85,265.95,3.12,79.904,324.6,1139.9,5.286,14.725,2.96,35,4
KSrCl_3,Pure,2.837511346,5.696,0.000527761,1,0,0,0,0,0,1,0,0,0,0,3,0,0,1.51,1033,336.8,0.86,39.098,48.36,418.8,2.33,76.9,0.82,19,4,1.26,1655,1042,2.54,87.62,-168,549.5,8.2,136.9,0.95,38,5,1.81,239.18,172.17,3.214,35.453,348.8,1251.1,3.21,10.2,3.16,17,3
KCaI_3,Pure,2.52588399,3.9972,0.003529824,1,0,0,0,0,1,0,0,0,0,0,0,0,3,1.51,1033,336.8,0.86,39.098,48.36,418.8,2.33,76.9,0.82,19,4,1,1757,1112,1.55,40.078,-156,589.8,8.53,154.67,1,20,4,2.2,457.5,386.7,4.93,126.904,295.3,1008.4,7.76,20.9,2.66,53,5
KCaBr_3,Pure,0.08541094,4.9534,0.001238041,1,0,0,0,0,1,0,0,0,0,0,0,3,0,1.51,1033,336.8,0.86,39.098,48.36,418.8,2.33,76.9,0.82,19,4,1,1757,1112,1.55,40.078,-156,589.8,8.53,154.67,1,20,4,1.96,331.85,265.95,3.12,79.904,324.6,1139.9,5.286,14.725,2.96,35,4
KCaCl_3,Pure,2.570224499,6.0227,0.000562978,1,0,0,0,0,1,0,0,0,0,0,3,0,0,1.51,1033,336.8,0.86,39.098,48.36,418.8,2.33,76.9,0.82,19,4,1,1757,1112,1.55,40.078,-156,589.8,8.53,154.67,1,20,4,1.81,239.18,172.17,3.214,35.453,348.8,1251.1,3.21,10.2,3.16,17,3
KGeI_3,Pure,2.473067554,1.0355,0.161103935,1,0,0,0,0,0,0,0,1,0,0,0,0,3,1.51,1033,336.8,0.86,39.098,48.36,418.8,2.33,76.9,0.82,19,4,0.87,3107,1211.5,5.32,72.61,120,762.1,31.8,334.3,2.01,32,4,2.2,457.5,386.7,4.93,126.904,295.3,1008.4,7.76,20.9,2.66,53,5
KGeBr_3,Pure,0.061384654,1.3431,0.143432965,1,0,0,0,0,0,0,0,1,0,0,0,3,0,1.51,1033,336.8,0.86,39.098,48.36,418.8,2.33,76.9,0.82,19,4,0.87,3107,1211.5,5.32,72.61,120,762.1,31.8,334.3,2.01,32,4,1.96,331.85,265.95,3.12,79.904,324.6,1139.9,5.286,14.725,2.96,35,4
KGeCl_3,Pure,2.644255053,1.6657,0.125370185,1,0,0,0,0,0,0,0,1,0,0,3,0,0,1.51,1033,336.8,0.86,39.098,48.36,418.8,2.33,76.9,0.82,19,4,0.87,3107,1211.5,5.32,72.61,120,762.1,31.8,334.3,2.01,32,4,1.81,239.18,172.17,3.214,35.453,348.8,1251.1,3.21,10.2,3.16,17,3
KSnI_3,Pure,2.395854644,0.7576,0.159412769,1,0,0,0,0,0,0,0,0,1,0,0,0,3,1.51,1033,336.8,0.86,39.098,48.36,418.8,2.33,76.9,0.82,19,4,1.15,2876,505.12,7.31,118.71,121,708.6,7.2,290.37,1.96,50,5,2.2,457.5,386.7,4.93,126.904,295.3,1008.4,7.76,20.9,2.66,53,5
KSnBr_3,Pure,0.153315747,1.0772,0.14880202,1,0,0,0,0,0,0,0,0,1,0,0,3,0,1.51,1033,336.8,0.86,39.098,48.36,418.8,2.33,76.9,0.82,19,4,1.15,2876,505.12,7.31,118.71,121,708.6,7.2,290.37,1.96,50,5,1.96,331.85,265.95,3.12,79.904,324.6,1139.9,5.286,14.725,2.96,35,4
KSnCl_3,Pure,2.682391671,1.4323,0.116806865,1,0,0,0,0,0,0,0,0,1,0,3,0,0,1.51,1033,336.8,0.86,39.098,48.36,418.8,2.33,76.9,0.82,19,4,1.15,2876,505.12,7.31,118.71,121,708.6,7.2,290.37,1.96,50,5,1.81,239.18,172.17,3.214,35.453,348.8,1251.1,3.21,10.2,3.16,17,3
KPbI_3,Pure,2.418790729,0.9791,0.160511258,1,0,0,0,0,0,0,0,0,0,1,0,0,3,1.51,1033,336.8,0.86,39.098,48.36,418.8,2.33,76.9,0.82,19,4,1.19,2023,600.65,11.35,207.2,110,715.5,4.77,177.9,2.33,82,6,2.2,457.5,386.7,4.93,126.904,295.3,1008.4,7.76,20.9,2.66,53,5
KPbBr_3,Pure,0.077720535,1.4592,0.148889179,1,0,0,0,0,0,0,0,0,0,1,0,3,0,1.51,1033,336.8,0.86,39.098,48.36,418.8,2.33,76.9,0.82,19,4,1.19,2023,600.65,11.35,207.2,110,715.5,4.77,177.9,2.33,82,6,1.96,331.85,265.95,3.12,79.904,324.6,1139.9,5.286,14.725,2.96,35,4
KPbCl_3,Pure,2.66023219,1.9644,0.112157106,1,0,0,0,0,0,0,0,0,0,1,3,0,0,1.51,1033,336.8,0.86,39.098,48.36,418.8,2.33,76.9,0.82,19,4,1.19,2023,600.65,11.35,207.2,110,715.5,4.77,177.9,2.33,82,6,1.81,239.18,172.17,3.214,35.453,348.8,1251.1,3.21,10.2,3.16,17,3
K_0.5Rb_0.125FA_0.375SrBr_3,A-site mixed,-0.393123105,5.4487,0.000744885,0.5,0.125,0,0,0.375,0,1,0,0,0,0,0,3,0,1.905,756.25,340.229,1.034,47.129,33.266,578.188,3.895,57.975,1.476,48.25,5.625,1.26,1655,1042,2.54,87.62,-168,549.5,8.2,136.9,0.95,38,5,1.96,331.85,265.95,3.12,79.904,324.6,1139.9,5.286,14.725,2.96,35,4
K_0.375Rb_0.125Cs_0.125FA_0.375CaI_3,A-site mixed,0.685558758,4.7202,0.00161098,0.375,0.125,0.125,0,0.375,1,0,0,0,0,0,0,0,3,1.934,745.125,335.821,1.16,58.855,32.907,572.8,3.865,56.83,1.472,52.75,5.875,1,1757,1112,1.55,40.078,-156,589.8,8.53,154.67,1,20,4,2.2,457.5,386.7,4.93,126.904,295.3,1008.4,7.76,20.9,2.66,53,5
Rb_0.375FA_0.625CaI_3,A-site mixed,0.17529053,4.6884,0.001582081,0,0.375,0,0,0.625,1,0,0,0,0,0,0,0,3,2.185,559.75,338.486,1.262,60.211,22.959,681.813,4.94,44.075,1.914,70.75,6.875,1,1757,1112,1.55,40.078,-156,589.8,8.53,154.67,1,20,4,2.2,457.5,386.7,4.93,126.904,295.3,1008.4,7.76,20.9,2.66,53,5
MA_0.875FA_0.125CaBr_3,A-site mixed,-0.274172784,5.5566,0.000899392,0,0,0,0.875,0.125,1,0,0,0,0,0,0,3,0,2.215,273.5,202.319,0.75,33.69,8.673,916.65,6.176,24.494,2.552,75.25,7.125,1,1757,1112,1.55,40.078,-156,589.8,8.53,154.67,1,20,4,1.96,331.85,265.95,3.12,79.904,324.6,1139.9,5.286,14.725,2.96,35,4
MA_0.625FA_0.375CaBr_3,A-site mixed,-0.346798448,5.4303,0.000765357,0,0,0,0.625,0.375,1,0,0,0,0,0,0,3,0,2.305,286.5,245.656,0.85,36.938,8.652,897.35,6.269,25.781,2.558,79.75,7.375,1,1757,1112,1.55,40.078,-156,589.8,8.53,154.67,1,20,4,1.96,331.85,265.95,3.12,79.904,324.6,1139.9,5.286,14.725,2.96,35,4
K_0.375Rb_0.25Cs_0.375SnBr_3,A-site mixed,-0.124063118,1.1296,0.138283021,0.375,0.25,0.375,0,0,0,0,0,0,1,0,0,3,0,1.621,981.625,317.535,1.407,85.868,46.916,398.688,2.243,71.54,0.809,37,5,1.15,2876,505.12,7.31,118.71,121,708.6,7.2,290.37,1.96,50,5,1.96,331.85,265.95,3.12,79.904,324.6,1139.9,5.286,14.725,2.96,35,4
K_0.125Cs_0.875BaI_3,A-site mixed,0.005686858,4.1474,0.002986577,0.125,0,0.875,0,0,0,0,1,0,0,0,0,0,3,1.711,955.125,305.948,1.744,121.18,45.849,381.088,2.122,68.885,0.794,50.5,5.75,1.42,2078,1002,3.59,137.33,-52,502.9,8.01,140.2,0.89,56,6,2.2,457.5,386.7,4.93,126.904,295.3,1008.4,7.76,20.9,2.66,53,5
Rb_0.75Cs_0.25BaBr_3,A-site mixed,0.200921026,4.7923,0.001184385,0,0.75,0.25,0,0,0,0,1,0,0,0,0,3,0,1.643,956.75,309.858,1.617,97.327,46.54,396.175,2.278,68.835,0.813,41.5,5.25,1.42,2078,1002,3.59,137.33,-52,502.9,8.01,140.2,0.89,56,6,1.96,331.85,265.95,3.12,79.904,324.6,1139.9,5.286,14.725,2.96,35,4
K_0.25Rb_0.375Cs_0.375BaCl_3,A-site mixed,1.651466704,5.6057,0.000580505,0.25,0.375,0.375,0,0,0,0,1,0,0,0,3,0,0,1.634,972.625,314.514,1.491,91.665,46.733,396.712,2.244,70.578,0.809,39.25,5.125,1.42,2078,1002,3.59,137.33,-52,502.9,8.01,140.2,0.89,56,6,1.81,239.18,172.17,3.214,35.453,348.8,1251.1,3.21,10.2,3.16,17,3
K_0.375Cs_0.625SrI_3,A-site mixed,0.608402789,4.146,0.002845045,0.375,0,0.625,0,0,0,1,0,0,0,0,0,0,3,1.654,977.375,314.763,1.491,97.728,46.566,391.863,2.181,71.175,0.801,41.5,5.25,1.26,1655,1042,2.54,87.62,-168,549.5,8.2,136.9,0.95,38,5,2.2,457.5,386.7,4.93,126.904,295.3,1008.4,7.76,20.9,2.66,53,5
K_0.75Rb_0.25SrBr_3,A-site mixed,0.204599746,4.7933,0.001126699,0.75,0.25,0,0,0,0,1,0,0,0,0,0,3,0,1.535,1015,330.758,1.028,50.691,47.992,414.85,2.333,74.975,0.82,23.5,4.25,1.26,1655,1042,2.54,87.62,-168,549.5,8.2,136.9,0.95,38,5,1.96,331.85,265.95,3.12,79.904,324.6,1139.9,5.286,14.725,2.96,35,4
K_0.375Cs_0.625CaI_3,A-site mixed,0.649110451,4.2668,0.003352327,0.375,0,0.625,0,0,1,0,0,0,0,0,0,0,3,1.654,977.375,314.763,1.491,97.728,46.566,391.863,2.181,71.175,0.801,41.5,5.25,1,1757,1112,1.55,40.078,-156,589.8,8.53,154.67,1,20,4,2.2,457.5,386.7,4.93,126.904,295.3,1008.4,7.76,20.9,2.66,53,5
Rb_0.125Cs_0.875CaBr_3,A-site mixed,-0.420577889,5.414,0.00111006,0,0.125,0.875,0,0,1,0,0,0,0,0,0,3,0,1.724,946.125,302.926,1.828,126.976,45.665,379.113,2.123,67.922,0.794,52.75,5.875,1,1757,1112,1.55,40.078,-156,589.8,8.53,154.67,1,20,4,1.96,331.85,265.95,3.12,79.904,324.6,1139.9,5.286,14.725,2.96,35,4
K_0.125Rb_0.5Cs_0.375CaCl_3,A-site mixed,0.732408344,6.3502,0.00052101,0.125,0.5,0.375,0,0,1,0,0,0,0,0,3,0,0,1.646,963.625,311.493,1.575,97.461,46.549,394.737,2.246,69.615,0.809,41.5,5.25,1,1757,1112,1.55,40.078,-156,589.8,8.53,154.67,1,20,4,1.81,239.18,172.17,3.214,35.453,348.8,1251.1,3.21,10.2,3.16,17,3
K_0.375Rb_0.125Cs_0.5CaCl_3,A-site mixed,1.580524684,6.3429,0.000517014,0.375,0.125,0.5,0,0,1,0,0,0,0,0,3,0,0,1.638,979.5,316.149,1.449,91.798,46.741,395.275,2.212,71.358,0.805,39.25,5.125,1,1757,1112,1.55,40.078,-156,589.8,8.53,154.67,1,20,4,1.81,239.18,172.17,3.214,35.453,348.8,1251.1,3.21,10.2,3.16,17,3
K_0.25Rb_0.25Cs_0.125MA_0.375PbI_3,A-site mixed,0.691310663,2.3121,0.08613459,0.25,0.25,0.125,0.375,0,0,0,0,0,0,1,0,0,3,1.811,716.625,267.794,1.094,59.779,32.755,599.775,3.728,53.936,1.465,48.25,5.625,1.19,2023,600.65,11.35,207.2,110,715.5,4.77,177.9,2.33,82,6,2.2,457.5,386.7,4.93,126.904,295.3,1008.4,7.76,20.9,2.66,53,5
K_0.25Rb_0.125MA_0.625SnCl_3,A-site mixed,0.488789699,3.5137,0.005019467,0.25,0.125,0,0.625,0,0,0,0,0,1,0,3,0,0,1.935,545.25,236.185,0.844,40.499,23.379,734.013,4.706,42.781,1.901,55,6,1.15,2876,505.12,7.31,118.71,121,708.6,7.2,290.37,1.96,50,5,1.81,239.18,172.17,3.214,35.453,348.8,1251.1,3.21,10.2,3.16,17,3
K_0.25Rb_0.25Cs_0.125MA_0.375GeBr_3,A-site mixed,-0.143777148,2.8403,0.037197174,0.25,0.25,0.125,0.375,0,0,0,0,1,0,0,0,3,0,1.811,716.625,267.794,1.094,59.779,32.755,599.775,3.728,53.936,1.465,48.25,5.625,0.87,3107,1211.5,5.32,72.61,120,762.1,31.8,334.3,2.01,32,4,1.96,331.85,265.95,3.12,79.904,324.6,1139.9,5.286,14.725,2.96,35,4
Rb_0.375Cs_0.25MA_0.375GeBr_3,A-site mixed,-0.227337849,2.9447,0.026673337,0,0.375,0.25,0.375,0,0,0,0,1,0,0,0,3,0,1.853,696.5,260.365,1.304,77.302,32.213,592.412,3.699,51.829,1.461,55,6,0.87,3107,1211.5,5.32,72.61,120,762.1,31.8,334.3,2.01,32,4,1.96,331.85,265.95,3.12,79.904,324.6,1139.9,5.286,14.725,2.96,35,4
Rb_0.5Cs_0.125MA_0.375GeBr_3,A-site mixed,-0.177647712,2.8557,0.035446122,0,0.5,0.125,0.375,0,0,0,0,1,0,0,0,3,0,1.836,698.625,261.751,1.262,71.372,32.388,595.825,3.73,52.011,1.465,52.75,5.875,0.87,3107,1211.5,5.32,72.61,120,762.1,31.8,334.3,2.01,32,4,1.96,331.85,265.95,3.12,79.904,324.6,1139.9,5.286,14.725,2.96,35,4
K_0.125Rb_0.125MA_0.75PbI_3,A-site mixed,0.2611184,2.1665,0.125602801,0.125,0.125,0,0.75,0,0,0,0,0,0,1,0,0,3,2.018,449.5,216.666,0.824,39.62,18.419,797.45,5.181,36.15,2.117,61.75,6.375,1.19,2023,600.65,11.35,207.2,110,715.5,4.77,177.9,2.33,82,6,2.2,457.5,386.7,4.93,126.904,295.3,1008.4,7.76,20.9,2.66,53,5
K_0.25Rb_0.25Cs_0.125MA_0.375PbBr_3,A-site mixed,-0.488249458,2.96,0.021665529,0.25,0.25,0.125,0.375,0,0,0,0,0,0,1,0,3,0,1.811,716.625,267.794,1.094,59.779,32.755,599.775,3.728,53.936,1.465,48.25,5.625,1.19,2023,600.65,11.35,207.2,110,715.5,4.77,177.9,2.33,82,6,1.96,331.85,265.95,3.12,79.904,324.6,1139.9,5.286,14.725,2.96,35,4
Rb_0.375Cs_0.25MA_0.375PbBr_3,A-site mixed,-0.519964439,2.9123,0.026653196,0,0.375,0.25,0.375,0,0,0,0,0,0,1,0,3,0,1.853,696.5,260.365,1.304,77.302,32.213,592.412,3.699,51.829,1.461,55,6,1.19,2023,600.65,11.35,207.2,110,715.5,4.77,177.9,2.33,82,6,1.96,331.85,265.95,3.12,79.904,324.6,1139.9,5.286,14.725,2.96,35,4
K_0.25Rb_0.125Cs_0.125MA_0.5SrI_3,A-site mixed,0.732557132,4.4126,0.002484527,0.25,0.125,0.125,0.5,0,0,1,0,0,0,0,0,0,3,1.881,629.875,251.296,0.99,53.104,27.979,665.188,4.202,48.267,1.681,52.75,5.875,1.26,1655,1042,2.54,87.62,-168,549.5,8.2,136.9,0.95,38,5,2.2,457.5,386.7,4.93,126.904,295.3,1008.4,7.76,20.9,2.66,53,5
K_0.375Rb_0.125MA_0.5SrI_3,A-site mixed,1.092833045,4.3966,0.002500203,0.375,0.125,0,0.5,0,0,1,0,0,0,0,0,0,3,1.853,641,255.704,0.864,41.378,28.338,670.575,4.231,49.413,1.685,48.25,5.625,1.26,1655,1042,2.54,87.62,-168,549.5,8.2,136.9,0.95,38,5,2.2,457.5,386.7,4.93,126.904,295.3,1008.4,7.76,20.9,2.66,53,5
K_0.5Cs_0.125MA_0.375SrBr_3,A-site mixed,-0.075423109,5.2056,0.00059805,0.5,0,0.125,0.375,0,0,1,0,0,0,0,0,3,0,1.786,734.625,273.836,0.926,48.187,33.123,603.725,3.725,55.861,1.465,43.75,5.375,1.26,1655,1042,2.54,87.62,-168,549.5,8.2,136.9,0.95,38,5,1.96,331.85,265.95,3.12,79.904,324.6,1139.9,5.286,14.725,2.96,35,4
K_0.375Rb_0.125MA_0.5CaI_3,A-site mixed,1.153828916,4.6219,0.002346466,0.375,0.125,0,0.5,0,1,0,0,0,0,0,0,0,3,1.853,641,255.704,0.864,41.378,28.338,670.575,4.231,49.413,1.685,48.25,5.625,1,1757,1112,1.55,40.078,-156,589.8,8.53,154.67,1,20,4,2.2,457.5,386.7,4.93,126.904,295.3,1008.4,7.76,20.9,2.66,53,5
K_0.375Cs_0.125MA_0.5CaI_3,A-site mixed,0.844015222,4.6401,0.002335778,0.375,0,0.125,0.5,0,1,0,0,0,0,0,0,0,3,1.869,638.875,254.317,0.906,47.308,28.163,667.163,4.2,49.23,1.681,50.5,5.75,1,1757,1112,1.55,40.078,-156,589.8,8.53,154.67,1,20,4,2.2,457.5,386.7,4.93,126.904,295.3,1008.4,7.76,20.9,2.66,53,5
K_0.25Rb_0.25MA_0.5CaCl_3,A-site mixed,0.496200578,6.5966,0.000386171,0.25,0.25,0,0.5,0,1,0,0,0,0,0,3,0,0,1.865,632,252.683,0.948,47.175,28.154,668.6,4.232,48.45,1.685,50.5,5.75,1,1757,1112,1.55,40.078,-156,589.8,8.53,154.67,1,20,4,1.81,239.18,172.17,3.214,35.453,348.8,1251.1,3.21,10.2,3.16,17,3
Rb_0.375Cs_0.125MA_0.5CaCl_3,A-site mixed,0.026184779,6.5995,0.00039496,0,0.375,0.125,0.5,0,1,0,0,0,0,0,3,0,0,1.906,611.875,245.254,1.158,64.697,27.612,661.237,4.204,46.343,1.681,57.25,6.125,1,1757,1112,1.55,40.078,-156,589.8,8.53,154.67,1,20,4,1.81,239.18,172.17,3.214,35.453,348.8,1251.1,3.21,10.2,3.16,17,3
Rb_0.5MA_0.5CaCl_3,A-site mixed,-0.160450938,6.5492,0.000408499,0,0.5,0,0.5,0,1,0,0,0,0,0,3,0,0,1.89,614,246.64,1.116,58.767,27.787,664.65,4.235,46.525,1.685,55,6,1,1757,1112,1.55,40.078,-156,589.8,8.53,154.67,1,20,4,1.81,239.18,172.17,3.214,35.453,348.8,1251.1,3.21,10.2,3.16,17,3
CsBa_0.125Pb_0.875I_3,B-site mixed,-0.782706708,1.369,0.1570248,0,0,1,0,0,0,0,0.125,0,0,0.875,0,0,3,1.74,944,301.54,1.87,132.905,45.49,375.7,2.092,67.74,0.79,55,6,1.219,2029.875,650.819,10.38,198.466,89.75,688.925,5.175,173.188,2.15,78.75,6,2.2,457.5,386.7,4.93,126.904,295.3,1008.4,7.76,20.9,2.66,53,5
CsBa_0.25Pb_0.75I_3,B-site mixed,-0.720028892,1.6936,0.145667967,0,0,1,0,0,0,0,0.25,0,0,0.75,0,0,3,1.74,944,301.54,1.87,132.905,45.49,375.7,2.092,67.74,0.79,55,6,1.248,2036.75,700.987,9.41,189.732,69.5,662.35,5.58,168.475,1.97,75.5,6,2.2,457.5,386.7,4.93,126.904,295.3,1008.4,7.76,20.9,2.66,53,5
CsBa_0.375Pb_0.625I_3,B-site mixed,-0.656003293,2.1148,0.114633477,0,0,1,0,0,0,0,0.375,0,0,0.625,0,0,3,1.74,944,301.54,1.87,132.905,45.49,375.7,2.092,67.74,0.79,55,6,1.276,2043.625,751.156,8.44,180.999,49.25,635.775,5.985,163.762,1.79,72.25,6,2.2,457.5,386.7,4.93,126.904,295.3,1008.4,7.76,20.9,2.66,53,5
CsBa_0.5Pb_0.5I_3,B-site mixed,-0.578311203,2.2824,0.094988295,0,0,1,0,0,0,0,0.5,0,0,0.5,0,0,3,1.74,944,301.54,1.87,132.905,45.49,375.7,2.092,67.74,0.79,55,6,1.305,2050.5,801.325,7.47,172.265,29,609.2,6.39,159.05,1.61,69,6,2.2,457.5,386.7,4.93,126.904,295.3,1008.4,7.76,20.9,2.66,53,5
CsBa_0.625Pb_0.375I_3,B-site mixed,-0.531830572,3.2744,0.019716921,0,0,1,0,0,0,0,0.625,0,0,0.375,0,0,3,1.74,944,301.54,1.87,132.905,45.49,375.7,2.092,67.74,0.79,55,6,1.334,2057.375,851.494,6.5,163.531,8.75,582.625,6.795,154.338,1.43,65.75,6,2.2,457.5,386.7,4.93,126.904,295.3,1008.4,7.76,20.9,2.66,53,5
CsBa_0.75Pb_0.25I_3,B-site mixed,-0.474603979,3.2936,0.028314514,0,0,1,0,0,0,0,0.75,0,0,0.25,0,0,3,1.74,944,301.54,1.87,132.905,45.49,375.7,2.092,67.74,0.79,55,6,1.362,2064.25,901.663,5.53,154.798,-11.5,556.05,7.2,149.625,1.25,62.5,6,2.2,457.5,386.7,4.93,126.904,295.3,1008.4,7.76,20.9,2.66,53,5
CsBa_0.875Pb_0.125I_3,B-site mixed,-0.42298339,3.2896,0.021524403,0,0,1,0,0,0,0,0.875,0,0,0.125,0,0,3,1.74,944,301.54,1.87,132.905,45.49,375.7,2.092,67.74,0.79,55,6,1.391,2071.125,951.831,4.56,146.064,-31.75,529.475,7.605,144.912,1.07,59.25,6,2.2,457.5,386.7,4.93,126.904,295.3,1008.4,7.76,20.9,2.66,53,5
MABa_0.125Pb_0.875I_3,B-site mixed,-0.275586685,2.1932,0.119958838,0,0,0,1,0,0,0,0.125,0,0,0.875,0,0,3,2.17,267,180.65,0.7,32.066,8.684,926.3,6.13,23.85,2.55,73,7,1.219,2029.875,650.819,10.38,198.466,89.75,688.925,5.175,173.188,2.15,78.75,6,2.2,457.5,386.7,4.93,126.904,295.3,1008.4,7.76,20.9,2.66,53,5
MABa_0.25Pb_0.75I_3,B-site mixed,-0.237442697,2.3697,0.096585563,0,0,0,1,0,0,0,0.25,0,0,0.75,0,0,3,2.17,267,180.65,0.7,32.066,8.684,926.3,6.13,23.85,2.55,73,7,1.248,2036.75,700.987,9.41,189.732,69.5,662.35,5.58,168.475,1.97,75.5,6,2.2,457.5,386.7,4.93,126.904,295.3,1008.4,7.76,20.9,2.66,53,5
MABa_0.375Pb_0.625I_3,B-site mixed,-0.188783954,2.5538,0.07040963,0,0,0,1,0,0,0,0.375,0,0,0.625,0,0,3,2.17,267,180.65,0.7,32.066,8.684,926.3,6.13,23.85,2.55,73,7,1.276,2043.625,751.156,8.44,180.999,49.25,635.775,5.985,163.762,1.79,72.25,6,2.2,457.5,386.7,4.93,126.904,295.3,1008.4,7.76,20.9,2.66,53,5
MABa_0.5Pb_0.5I_3,B-site mixed,-0.136777122,2.6403,0.06101553,0,0,0,1,0,0,0,0.5,0,0,0.5,0,0,3,2.17,267,180.65,0.7,32.066,8.684,926.3,6.13,23.85,2.55,73,7,1.305,2050.5,801.325,7.47,172.265,29,609.2,6.39,159.05,1.61,69,6,2.2,457.5,386.7,4.93,126.904,295.3,1008.4,7.76,20.9,2.66,53,5
MABa_0.625Pb_0.375I_3,B-site mixed,-0.108540483,3.2112,0.023622955,0,0,0,1,0,0,0,0.625,0,0,0.375,0,0,3,2.17,267,180.65,0.7,32.066,8.684,926.3,6.13,23.85,2.55,73,7,1.334,2057.375,851.494,6.5,163.531,8.75,582.625,6.795,154.338,1.43,65.75,6,2.2,457.5,386.7,4.93,126.904,295.3,1008.4,7.76,20.9,2.66,53,5
MABa_0.75Pb_0.25I_3,B-site mixed,-0.091712614,3.0152,0.023218838,0,0,0,1,0,0,0,0.75,0,0,0.25,0,0,3,2.17,267,180.65,0.7,32.066,8.684,926.3,6.13,23.85,2.55,73,7,1.362,2064.25,901.663,5.53,154.798,-11.5,556.05,7.2,149.625,1.25,62.5,6,2.2,457.5,386.7,4.93,126.904,295.3,1008.4,7.76,20.9,2.66,53,5
MABa_0.875Pb_0.125I_3,B-site mixed,-0.061512765,3.2156,0.015694616,0,0,0,1,0,0,0,0.875,0,0,0.125,0,0,3,2.17,267,180.65,0.7,32.066,8.684,926.3,6.13,23.85,2.55,73,7,1.391,2071.125,951.831,4.56,146.064,-31.75,529.475,7.605,144.912,1.07,59.25,6,2.2,457.5,386.7,4.93,126.904,295.3,1008.4,7.76,20.9,2.66,53,5
FABa_0.25Pb_0.75I_3,B-site mixed,-1.234902808,2.4911,0.105495343,0,0,0,0,1,0,0,0.25,0,0,0.75,0,0,3,2.53,319,354,1.1,45.057,8.6,849.1,6.5,29,2.57,91,8,1.248,2036.75,700.987,9.41,189.732,69.5,662.35,5.58,168.475,1.97,75.5,6,2.2,457.5,386.7,4.93,126.904,295.3,1008.4,7.76,20.9,2.66,53,5
FABa_0.375Pb_0.625I_3,B-site mixed,-1.190888435,2.5432,0.086400928,0,0,0,0,1,0,0,0.375,0,0,0.625,0,0,3,2.53,319,354,1.1,45.057,8.6,849.1,6.5,29,2.57,91,8,1.276,2043.625,751.156,8.44,180.999,49.25,635.775,5.985,163.762,1.79,72.25,6,2.2,457.5,386.7,4.93,126.904,295.3,1008.4,7.76,20.9,2.66,53,5
FABa_0.625Pb_0.375I_3,B-site mixed,-1.157305373,2.8291,0.036069472,0,0,0,0,1,0,0,0.625,0,0,0.375,0,0,3,2.53,319,354,1.1,45.057,8.6,849.1,6.5,29,2.57,91,8,1.334,2057.375,851.494,6.5,163.531,8.75,582.625,6.795,154.338,1.43,65.75,6,2.2,457.5,386.7,4.93,126.904,295.3,1008.4,7.76,20.9,2.66,53,5
FABa_0.75Pb_0.25I_3,B-site mixed,-1.116146183,3.2782,0.021698021,0,0,0,0,1,0,0,0.75,0,0,0.25,0,0,3,2.53,319,354,1.1,45.057,8.6,849.1,6.5,29,2.57,91,8,1.362,2064.25,901.663,5.53,154.798,-11.5,556.05,7.2,149.625,1.25,62.5,6,2.2,457.5,386.7,4.93,126.904,295.3,1008.4,7.76,20.9,2.66,53,5
FABa_0.875Pb_0.125I_3,B-site mixed,-1.051477469,3.2242,0.018600206,0,0,0,0,1,0,0,0.875,0,0,0.125,0,0,3,2.53,319,354,1.1,45.057,8.6,849.1,6.5,29,2.57,91,8,1.391,2071.125,951.831,4.56,146.064,-31.75,529.475,7.605,144.912,1.07,59.25,6,2.2,457.5,386.7,4.93,126.904,295.3,1008.4,7.76,20.9,2.66,53,5
CsCa_0.25Sr_0.25Sn_0.25Pb_0.25I_3,B-site mixed,-0.517060018,2.7353,0.060104351,0,0,1,0,0,0.25,0.25,0,0,0.25,0.25,0,0,3,1.74,944,301.54,1.87,132.905,45.49,375.7,2.092,67.74,0.79,55,6,1.15,2077.75,814.942,5.688,113.402,-23.25,640.85,7.175,189.96,1.56,47.5,5,2.2,457.5,386.7,4.93,126.904,295.3,1008.4,7.76,20.9,2.66,53,5
CsCa_0.125Ba_0.75Sn_0.125I_3,B-site mixed,-0.367566279,3.2951,0.015942565,0,0,1,0,0,0.125,0,0.75,0,0.125,0,0,0,3,1.74,944,301.54,1.87,132.905,45.49,375.7,2.092,67.74,0.79,55,6,1.334,2137.625,953.64,3.8,122.846,-43.375,539.475,7.974,160.78,1.038,50.75,5.625,2.2,457.5,386.7,4.93,126.904,295.3,1008.4,7.76,20.9,2.66,53,5
CsSr_0.25Ba_0.125Ge_0.125Sn_0.375Pb_0.125I_3,B-site mixed,-0.494213427,1.8405,0.1112147,0,0,1,0,0,0,0.25,0.125,0.125,0.375,0.125,0,0,3,1.74,944,301.54,1.87,132.905,45.49,375.7,2.092,67.74,0.79,55,6,1.181,2393.25,801.689,5.909,118.564,25.625,650.663,10.322,224.664,1.626,49.5,5.125,2.2,457.5,386.7,4.93,126.904,295.3,1008.4,7.76,20.9,2.66,53,5
CsCa_0.5Ge_0.25Sn_0.125Pb_0.125Br_3,B-site mixed,-0.387949395,3.4236,0.011928761,0,0,1,0,0,0.5,0,0,0.25,0.125,0.125,0,3,0,1.74,944,301.54,1.87,132.905,45.49,375.7,2.092,67.74,0.79,55,6,1.01,2267.625,997.096,4.438,78.93,-19.125,663.438,13.711,219.444,1.539,34.5,4.375,1.96,331.85,265.95,3.12,79.904,324.6,1139.9,5.286,14.725,2.96,35,4
CsSr_0.25Ba_0.625Sn_0.125Br_3,B-site mixed,-0.152563733,3.953,0.003358033,0,0,1,0,0,0,0.25,0.625,0,0.125,0,0,3,0,1.74,944,301.54,1.87,132.905,45.49,375.7,2.092,67.74,0.79,55,6,1.346,2072,949.89,3.792,122.575,-59.375,540.263,7.956,158.146,1.039,50.75,5.625,1.96,331.85,265.95,3.12,79.904,324.6,1139.9,5.286,14.725,2.96,35,4
CsCa_0.125Sr_0.125Ba_0.25Ge_0.375Pb_0.125Br_3,B-site mixed,-0.24629069,3.4565,0.009969696,0,0,1,0,0,0.125,0.125,0.25,0.375,0,0.125,0,3,0,1.74,944,301.54,1.87,132.905,45.49,375.7,2.092,67.74,0.79,55,6,1.112,2364,1049.144,4.822,103.424,5.25,643.362,16.615,219.096,1.511,43.5,4.875,1.96,331.85,265.95,3.12,79.904,324.6,1139.9,5.286,14.725,2.96,35,4
CsCa_0.125Ba_0.125Ge_0.25Sn_0.5Br_3,B-site mixed,-0.327795927,1.9944,0.128899737,0,0,1,0,0,0.125,0,0.125,0.25,0.5,0,0,3,0,1.74,944,301.54,1.87,132.905,45.49,375.7,2.092,67.74,0.79,55,6,1.095,2694.125,819.685,5.627,99.684,64.5,681.412,13.617,265.619,1.719,42.5,4.75,1.96,331.85,265.95,3.12,79.904,324.6,1139.9,5.286,14.725,2.96,35,4
CsCa_0.25Ba_0.125Ge_0.25Pb_0.375Cl_3,B-site mixed,1.453458738,3.0926,0.021683808,0,0,1,0,0,0.25,0,0.125,0.25,0,0.375,3,0,0,1.74,944,301.54,1.87,132.905,45.49,375.7,2.092,67.74,0.79,55,6,1.091,2234.375,931.369,6.422,123.038,25.75,669.15,12.873,206.48,1.738,50.75,5,1.81,239.18,172.17,3.214,35.453,348.8,1251.1,3.21,10.2,3.16,17,3
CsCa_0.125Sr_0.125Ge_0.375Sn_0.25Pb_0.125Cl_3,B-site mixed,1.400999206,2.4824,0.077444554,0,0,1,0,0,0.125,0.125,0,0.375,0.25,0.125,3,0,0,1.74,944,301.54,1.87,132.905,45.49,375.7,2.092,67.74,0.79,55,6,1.045,2563.5,924.924,5.753,98.768,48.5,694.788,16.413,256.639,1.779,42,4.625,1.81,239.18,172.17,3.214,35.453,348.8,1251.1,3.21,10.2,3.16,17,3
FABa_0.125Ge_0.25Sn_0.125Pb_0.5I_3,B-site mixed,-0.951615411,2.4777,0.070455969,0,0,0,0,1,0,0,0.125,0.25,0.125,0.5,0,0,3,2.53,319,354,1.1,45.057,8.6,849.1,6.5,29,2.57,91,8,1.134,2407.5,791.59,8.367,153.757,93.625,699.712,12.236,226.346,2.024,62.25,5.375,2.2,457.5,386.7,4.93,126.904,295.3,1008.4,7.76,20.9,2.66,53,5
KSr_0.375Ge_0.25Sn_0.25Pb_0.125I_3,B-site mixed,2.519099475,1.5605,0.115975258,1,0,0,0,0,0,0.375,0,0.25,0.25,0.125,0,0,3,1.51,1033,336.8,0.86,39.098,48.36,418.8,2.33,76.9,0.82,19,4,1.126,2369.25,894.986,5.529,106.588,11,663.175,13.421,229.743,1.64,45,4.875,2.2,457.5,386.7,4.93,126.904,295.3,1008.4,7.76,20.9,2.66,53,5
KCa_0.25Sr_0.125Ge_0.25Pb_0.375I_3,B-site mixed,2.517294819,1.9653,0.115514624,1,0,0,0,0,0.25,0.125,0,0.25,0,0.375,0,0,3,1.51,1033,336.8,0.86,39.098,48.36,418.8,2.33,76.9,0.82,19,4,1.071,2181.5,936.369,6.291,116.824,11.25,674.975,12.896,206.068,1.745,48.5,4.875,2.2,457.5,386.7,4.93,126.904,295.3,1008.4,7.76,20.9,2.66,53,5
KSr_0.25Ge_0.625Pb_0.125I_3,B-site mixed,2.521748089,1.5437,0.144434226,1,0,0,0,0,0,0.25,0,0.625,0,0.125,0,0,3,1.51,1033,336.8,0.86,39.098,48.36,418.8,2.33,76.9,0.82,19,4,1.007,2608.5,1092.769,5.379,93.186,46.75,703.125,22.521,265.4,1.785,39.75,4.5,2.2,457.5,386.7,4.93,126.904,295.3,1008.4,7.76,20.9,2.66,53,5
KCa_0.125Sr_0.25Ge_0.25Sn_0.125Pb_0.25I_3,B-site mixed,2.517453429,1.7366,0.119147314,1,0,0,0,0,0.125,0.25,0,0.25,0.125,0.25,0,0,3,1.51,1033,336.8,0.86,39.098,48.36,418.8,2.33,76.9,0.82,19,4,1.099,2275.375,915.678,5.91,111.706,11.125,669.075,13.159,217.905,1.692,46.75,4.875,2.2,457.5,386.7,4.93,126.904,295.3,1008.4,7.76,20.9,2.66,53,5
KCa_0.25Sr_0.25Ba_0.125Ge_0.125Pb_0.25Br_3,B-site mixed,0.274534804,3.7548,0.006236448,1,0,0,0,0,0.25,0.25,0.125,0.125,0,0.25,0,3,0,1.51,1033,336.8,0.86,39.098,48.36,418.8,2.33,76.9,0.82,19,4,1.149,2006.875,965.35,4.974,109.967,-45,621.825,10.351,176.68,1.433,46,5,1.96,331.85,265.95,3.12,79.904,324.6,1139.9,5.286,14.725,2.96,35,4
KSr_0.125Ba_0.125Ge_0.125Sn_0.125Pb_0.5Br_3,B-site mixed,0.218429537,1.8706,0.10270091,1,0,0,0,0,0,0.125,0.125,0.125,0.125,0.5,0,3,0,1.51,1033,336.8,0.86,39.098,48.36,418.8,2.33,76.9,0.82,19,4,1.182,2226,770.402,8.02,155.634,57.625,673.138,9.286,201.671,1.891,63,5.5,1.96,331.85,265.95,3.12,79.904,324.6,1139.9,5.286,14.725,2.96,35,4
KSr_0.125Ba_0.5Sn_0.25Pb_0.125Br_3,B-site mixed,0.435819464,3.3466,0.011136797,1,0,0,0,0,0,0.125,0.5,0,0.25,0.125,0,3,0,1.51,1033,336.8,0.86,39.098,48.36,418.8,2.33,76.9,0.82,19,4,1.304,2217.75,832.611,5.359,135.195,-3,586.725,7.426,182.043,1.345,55.5,5.625,1.96,331.85,265.95,3.12,79.904,324.6,1139.9,5.286,14.725,2.96,35,4
KCa_0.125Sr_0.25Ba_0.125Ge_0.5Br_3,B-site mixed,0.272988892,3.4867,0.009869809,1,0,0,0,0,0.125,0.25,0.125,0.5,0,0,0,3,0,1.51,1033,336.8,0.86,39.098,48.36,418.8,2.33,76.9,0.82,19,4,1.052,2446.625,1130.5,3.938,80.386,-8,655.013,20.017,238.234,1.479,35,4.5,1.96,331.85,265.95,3.12,79.904,324.6,1139.9,5.286,14.725,2.96,35,4
KSr_0.125Ba_0.375Ge_0.125Sn_0.125Pb_0.25Br_3,B-site mixed,0.3690097,3.2487,0.010435714,1,0,0,0,0,0,0.125,0.375,0.125,0.125,0.25,0,3,0,1.51,1033,336.8,0.86,39.098,48.36,418.8,2.33,76.9,0.82,19,4,1.24,2239.75,870.74,6.08,138.166,17.125,619.987,10.096,192.246,1.531,56.5,5.5,1.96,331.85,265.95,3.12,79.904,324.6,1139.9,5.286,14.725,2.96,35,4
KBa_0.25Ge_0.625Sn_0.125Cl_3,B-site mixed,2.910038365,2.3456,0.086361115,1,0,0,0,0,0,0,0.25,0.625,0.125,0,3,0,0,1.51,1033,336.8,0.86,39.098,48.36,418.8,2.33,76.9,0.82,19,4,1.042,2820.875,1070.828,5.136,94.553,77.125,690.613,22.777,280.284,1.724,40.25,4.625,1.81,239.18,172.17,3.214,35.453,348.8,1251.1,3.21,10.2,3.16,17,3
KCa_0.375Sr_0.125Ba_0.125Ge_0.125Sn_0.125Pb_0.125Cl_3,B-site mixed,2.816818348,3.9069,0.00303065,1,0,0,0,0,0.375,0.125,0.125,0.125,0.125,0.125,3,0,0,1.51,1033,336.8,0.86,39.098,48.36,418.8,2.33,76.9,0.82,19,4,1.111,2126.25,962.159,4.345,92.963,-42.125,626,10.696,192.96,1.392,39.75,4.75,1.81,239.18,172.17,3.214,35.453,348.8,1251.1,3.21,10.2,3.16,17,3
KSr_0.125Ba_0.125Ge_0.25Sn_0.25Pb_0.25Cl_3,B-site mixed,2.832559693,2.3637,0.094031357,1,0,0,0,0,0,0.125,0.125,0.25,0.25,0.25,3,0,0,1.51,1033,336.8,0.86,39.098,48.36,418.8,2.33,76.9,0.82,19,4,1.137,2468.125,834.817,6.761,127.749,60.25,678.1,12.969,235.28,1.805,52.75,5.125,1.81,239.18,172.17,3.214,35.453,348.8,1251.1,3.21,10.2,3.16,17,3
KCa_0.75Ba_0.25Cl_3,B-site mixed,2.801788919,5.7588,0.000571805,1,0,0,0,0,0.75,0,0.25,0,0,0,3,0,0,1.51,1033,336.8,0.86,39.098,48.36,418.8,2.33,76.9,0.82,19,4,1.105,1837.25,1084.5,2.06,64.391,-130,568.075,8.4,151.053,0.973,29,4.5,1.81,239.18,172.17,3.214,35.453,348.8,1251.1,3.21,10.2,3.16,17,3
MACa_0.125Sn_0.75Pb_0.125I_3,B-site mixed,0.003999379,2.3786,0.082167507,0,0,0,1,0,0.125,0,0,0,0.75,0.125,0,0,3,2.17,267,180.65,0.7,32.066,8.684,926.3,6.13,23.85,2.55,73,7,1.136,2629.5,592.921,7.095,119.942,85,694.613,7.063,259.349,1.886,50.25,5,2.2,457.5,386.7,4.93,126.904,295.3,1008.4,7.76,20.9,2.66,53,5
MACa_0.125Sr_0.5Ba_0.125Pb_0.25I_3,B-site mixed,-0.007984665,3.126,0.01950132,0,0,0,1,0,0.125,0.5,0.125,0,0,0.25,0,0,3,2.17,267,180.65,0.7,32.066,8.684,926.3,6.13,23.85,2.55,73,7,1.23,1812.625,935.413,4.75,117.786,-82.5,590.213,7.36,149.784,1.294,49,5.25,2.2,457.5,386.7,4.93,126.904,295.3,1008.4,7.76,20.9,2.66,53,5
MABa_0.25Ge_0.125Sn_0.625I_3,B-site mixed,-0.015955923,2.1906,0.1172953,0,0,0,1,0,0,0,0.25,0.125,0.625,0,0,0,3,2.17,267,180.65,0.7,32.066,8.684,926.3,6.13,23.85,2.55,73,7,1.183,2705.375,717.638,6.131,117.602,77.625,663.862,10.477,258.319,1.699,49.25,5.125,2.2,457.5,386.7,4.93,126.904,295.3,1008.4,7.76,20.9,2.66,53,5
MACa_0.25Sr_0.25Ba_0.125Pb_0.375Br_3,B-site mixed,-0.221567081,3.8929,0.006666399,0,0,0,1,0,0.25,0.25,0.125,0,0,0.375,0,3,0,2.17,267,180.65,0.7,32.066,8.684,926.3,6.13,23.85,2.55,73,7,1.189,1871.375,888.994,5.727,126.791,-46.25,616,6.972,157.13,1.473,52.25,5.25,1.96,331.85,265.95,3.12,79.904,324.6,1139.9,5.286,14.725,2.96,35,4
MACa_0.375Ge_0.5Pb_0.125Br_3,B-site mixed,-0.185479041,3.0995,0.02415045,0,0,0,1,0,0.375,0,0,0.5,0,0.125,0,3,0,2.17,267,180.65,0.7,32.066,8.684,926.3,6.13,23.85,2.55,73,7,0.959,2465.25,1097.831,4.66,77.234,15.25,691.663,19.695,247.389,1.671,33.75,4.25,1.96,331.85,265.95,3.12,79.904,324.6,1139.9,5.286,14.725,2.96,35,4
MACa_0.125Sr_0.25Ba_0.125Sn_0.125Pb_0.375Br_3,B-site mixed,-0.208051037,3.3405,0.012859245,0,0,0,1,0,0.125,0.25,0.125,0,0.125,0.375,0,3,0,2.17,267,180.65,0.7,32.066,8.684,926.3,6.13,23.85,2.55,73,7,1.208,2011.25,813.134,6.447,136.62,-11.625,630.85,6.806,174.093,1.593,56,5.375,1.96,331.85,265.95,3.12,79.904,324.6,1139.9,5.286,14.725,2.96,35,4
MACa_0.5Ba_0.125Sn_0.25Pb_0.125Br_3,B-site mixed,-0.184325687,3.4866,0.013848032,0,0,0,1,0,0.5,0,0.125,0,0.25,0.125,0,3,0,2.17,267,180.65,0.7,32.066,8.684,926.3,6.13,23.85,2.55,73,7,1.114,2110.125,882.611,4.47,92.783,-40.5,624.35,7.662,189.69,1.392,39.75,4.75,1.96,331.85,265.95,3.12,79.904,324.6,1139.9,5.286,14.725,2.96,35,4
MACa_0.5Ba_0.125Pb_0.375Cl_3,B-site mixed,-0.14213652,4.6736,0.003013452,0,0,0,1,0,0.5,0,0.125,0,0,0.375,3,0,0,2.17,267,180.65,0.7,32.066,8.684,926.3,6.13,23.85,2.55,73,7,1.124,1896.875,906.494,5.48,114.905,-43.25,626.075,7.055,161.572,1.485,47.75,5,1.81,239.18,172.17,3.214,35.453,348.8,1251.1,3.21,10.2,3.16,17,3
MACa_0.25Sr_0.25Ge_0.375Pb_0.125Cl_3,B-site mixed,0.009635052,4.2392,0.004040764,0,0,0,1,0,0.25,0.25,0,0.375,0,0.125,3,0,0,2.17,267,180.65,0.7,32.066,8.684,926.3,6.13,23.85,2.55,73,7,1.04,2271,1067.894,4.436,85.053,-22.25,660.05,16.704,220.493,1.532,36.75,4.5,1.81,239.18,172.17,3.214,35.453,348.8,1251.1,3.21,10.2,3.16,17,3
MASr_0.25Ba_0.125Ge_0.375Sn_0.25Cl_3,B-site mixed,-0.079786528,3.6274,0.008598488,0,0,0,1,0,0,0.25,0.125,0.375,0.25,0,3,0,0,2.17,267,180.65,0.7,32.066,8.684,926.3,6.13,23.85,2.55,73,7,1.106,2557.625,966.342,4.906,95.978,26.75,663.175,16.776,249.705,1.593,41,4.75,1.81,239.18,172.17,3.214,35.453,348.8,1251.1,3.21,10.2,3.16,17,3
MACa_0.125Sn_0.5Pb_0.375Cl_3,B-site mixed,-0.201080154,3.06,0.019031674,0,0,0,1,0,0.125,0,0,0,0.5,0.375,3,0,0,2.17,267,180.65,0.7,32.066,8.684,926.3,6.13,23.85,2.55,73,7,1.146,2416.25,616.804,8.105,142.065,82.25,696.337,6.455,231.231,1.979,58.25,5.25,1.81,239.18,172.17,3.214,35.453,348.8,1251.1,3.21,10.2,3.16,17,3
RbSr_0.125Sn_0.25Pb_0.625I_3,B-site mixed,1.947596319,1.0978,0.155194932,0,1,0,0,0,0,0.125,0,0,0.25,0.625,0,0,3,1.61,961,312.63,1.532,85.468,46.89,403,2.34,69.2,0.82,37,5,1.189,2190.25,631.936,9.239,170.13,78,693.025,5.806,200.892,2.065,68.5,5.625,2.2,457.5,386.7,4.93,126.904,295.3,1008.4,7.76,20.9,2.66,53,5
RbCa_0.125Sr_0.25Sn_0.125Pb_0.5I_3,B-site mixed,1.99233912,1.7745,0.102339309,0,1,0,0,0,0.125,0.25,0,0,0.125,0.5,0,0,3,1.61,961,312.63,1.532,85.468,46.89,403,2.34,69.2,0.82,37,5,1.179,2004.375,762.965,7.417,145.353,8.625,657.425,6.401,178.805,1.772,59.25,5.375,2.2,457.5,386.7,4.93,126.904,295.3,1008.4,7.76,20.9,2.66,53,5
RbCa_0.125Sr_0.25Ba_0.25Sn_0.25Pb_0.125I_3,B-site mixed,2.117158374,2.7354,0.04187809,0,1,0,0,0,0.125,0.25,0.25,0,0.25,0.125,0,0,3,1.61,961,312.63,1.532,85.468,46.89,403,2.34,69.2,0.82,37,5,1.231,2124.75,851.361,4.973,116.825,-30.5,603.413,7.515,183.439,1.366,48.75,5.25,2.2,457.5,386.7,4.93,126.904,295.3,1008.4,7.76,20.9,2.66,53,5
RbGe_0.75Sn_0.125Pb_0.125I_3,B-site mixed,2.019092571,0.926,0.160692794,0,1,0,0,0,0,0,0,0.75,0.125,0.125,0,0,3,1.61,961,312.63,1.532,85.468,46.89,403,2.34,69.2,0.82,37,5,0.945,2942.625,1046.846,6.323,95.196,118.875,749.588,25.346,309.259,2.044,40.5,4.375,2.2,457.5,386.7,4.93,126.904,295.3,1008.4,7.76,20.9,2.66,53,5
RbSr_0.5Ge_0.125Sn_0.25Pb_0.125I_3,B-site mixed,2.048864533,2.8164,0.049342033,0,1,0,0,0,0,0.5,0,0.125,0.25,0.125,0,0,3,1.61,961,312.63,1.532,85.468,46.89,403,2.34,69.2,0.82,37,5,1.175,2187.75,873.799,5.181,108.464,-25,636.6,10.471,205.068,1.508,45.75,5,2.2,457.5,386.7,4.93,126.904,295.3,1008.4,7.76,20.9,2.66,53,5
RbCa_0.25Ge_0.25Sn_0.375Pb_0.125Br_3,B-site mixed,-0.121526981,1.8846,0.137207715,0,1,0,0,0,0.25,0,0,0.25,0.375,0.125,0,3,0,1.61,961,312.63,1.532,85.468,46.89,403,2.34,69.2,0.82,37,5,1.047,2547.375,845.376,5.878,98.588,50.125,693.138,13.379,253.369,1.779,42,4.625,1.96,331.85,265.95,3.12,79.904,324.6,1139.9,5.286,14.725,2.96,35,4
RbSr_0.25Ba_0.25Sn_0.125Pb_0.375Br_3,B-site mixed,0.055053542,3.2129,0.014850677,0,1,0,0,0,0,0.25,0.25,0,0.125,0.375,0,3,0,1.61,961,312.63,1.532,85.468,46.89,403,2.34,69.2,0.82,37,5,1.26,2051.375,799.384,6.702,148.776,1.375,619.987,6.741,172.284,1.579,60.5,5.625,1.96,331.85,265.95,3.12,79.904,324.6,1139.9,5.286,14.725,2.96,35,4
RbSr_0.25Ba_0.25Ge_0.25Pb_0.25Br_3,B-site mixed,0.086507403,3.6366,0.009052365,0,1,0,0,0,0,0.25,0.25,0.25,0,0.25,0,3,0,1.61,961,312.63,1.532,85.468,46.89,403,2.34,69.2,0.82,37,5,1.185,2215.75,964.038,5.7,126.19,2.5,632.5,13.195,197.325,1.545,52,5.25,1.96,331.85,265.95,3.12,79.904,324.6,1139.9,5.286,14.725,2.96,35,4
RbCa_0.375Ge_0.125Pb_0.5Br_3,B-site mixed,-0.144011935,2.5146,0.087640722,0,1,0,0,0,0.375,0,0,0.125,0,0.5,0,3,0,1.61,961,312.63,1.532,85.468,46.89,403,2.34,69.2,0.82,37,5,1.079,2058.75,868.763,6.921,127.706,11.5,674.188,9.559,188.739,1.791,52.5,5,1.96,331.85,265.95,3.12,79.904,324.6,1139.9,5.286,14.725,2.96,35,4
RbCa_0.125Sr_0.5Pb_0.375Br_3,B-site mixed,-0.047653364,4.0216,0.006083409,0,1,0,0,0,0.125,0.5,0,0,0,0.375,0,3,0,1.61,961,312.63,1.532,85.468,46.89,403,2.34,69.2,0.82,37,5,1.201,1805.75,885.244,5.72,126.52,-62.25,616.788,6.955,154.496,1.474,52.25,5.25,1.96,331.85,265.95,3.12,79.904,324.6,1139.9,5.286,14.725,2.96,35,4
RbCa_0.5Sr_0.25Ge_0.125Sn_0.125Cl_3,B-site mixed,-0.033232755,4.4471,0.002147386,0,1,0,0,0,0.5,0.25,0,0.125,0.125,0,3,0,0,1.61,961,312.63,1.532,85.468,46.89,403,2.34,69.2,0.82,37,5,1.067,2040.125,1031.078,2.989,65.859,-89.875,616.113,11.19,189.644,1.234,29.75,4.375,1.81,239.18,172.17,3.214,35.453,348.8,1251.1,3.21,10.2,3.16,17,3
RbCa_0.25Sr_0.125Ge_0.125Sn_0.25Pb_0.25Cl_3,B-site mixed,-0.039365891,2.9215,0.042031105,0,1,0,0,0,0.25,0.125,0,0.125,0.25,0.25,3,0,0,1.61,961,312.63,1.532,85.468,46.89,403,2.34,69.2,0.82,37,5,1.101,2259.25,836.13,6.035,111.526,12.75,667.425,10.125,214.635,1.692,46.75,4.875,1.81,239.18,172.17,3.214,35.453,348.8,1251.1,3.21,10.2,3.16,17,3
RbCa_0.125Ba_0.625Ge_0.125Sn_0.125Cl_3,B-site mixed,0.382553693,3.8563,0.002328114,0,1,0,0,0,0.125,0,0.625,0.125,0.125,0,3,0,0,1.61,961,312.63,1.532,85.468,46.89,403,2.34,69.2,0.82,37,5,1.265,2266.25,979.827,4.016,114.756,-21.875,571.875,10.947,185.043,1.177,47.75,5.375,1.81,239.18,172.17,3.214,35.453,348.8,1251.1,3.21,10.2,3.16,17,3
RbBa_0.75Sn_0.25Cl_3,B-site mixed,0.377637684,4.0505,0.002067169,0,1,0,0,0,0,0,0.75,0,0.25,0,3,0,0,1.61,961,312.63,1.532,85.468,46.89,403,2.34,69.2,0.82,37,5,1.353,2277.5,877.78,4.52,132.675,-8.75,554.325,7.808,177.743,1.157,54.5,5.75,1.81,239.18,172.17,3.214,35.453,348.8,1251.1,3.21,10.2,3.16,17,3
RbCa_0.375Ba_0.25Ge_0.375Cl_3,B-site mixed,0.206526508,4.2347,0.002703696,0,1,0,0,0,0.375,0,0.25,0.375,0,0,3,0,0,1.61,961,312.63,1.532,85.468,46.89,403,2.34,69.2,0.82,37,5,1.056,2343.5,1121.813,3.474,76.59,-26.5,632.688,17.126,218.414,1.351,33.5,4.5,1.81,239.18,172.17,3.214,35.453,348.8,1251.1,3.21,10.2,3.16,17,3
KSr_0.625Ba_0.25Pb_0.125I_3,B-site mixed,2.572728285,3.3567,0.010520286,1,0,0,0,0,0,0.625,0.25,0,0,0.125,0,0,3,1.51,1033,336.8,0.86,39.098,48.36,418.8,2.33,76.9,0.82,19,4,1.291,1806.75,976.831,3.904,114.995,-104.25,558.6,7.724,142.85,1.107,48,5.375,2.2,457.5,386.7,4.93,126.904,295.3,1008.4,7.76,20.9,2.66,53,5
KCa_0.5Ba_0.125Ge_0.375Cl_3,B-site mixed,2.802987249,4.5924,0.002351061,1,0,0,0,0,0.5,0,0.125,0.375,0,0,3,0,0,1.51,1033,336.8,0.86,39.098,48.36,418.8,2.33,76.9,0.82,19,4,1.004,2303.375,1135.563,3.219,64.434,-39.5,643.55,17.191,220.222,1.365,29,4.25,1.81,239.18,172.17,3.214,35.453,348.8,1251.1,3.21,10.2,3.16,17,3
FABa_0.125Ge_0.125Sn_0.75I_3,B-site mixed,-0.977565653,2.6332,0.059759926,0,0,0,0,1,0,0,0.125,0.125,0.75,0,0,0,3,2.53,319,354,1.1,45.057,8.6,849.1,6.5,29,2.57,91,8,1.149,2805.125,655.528,6.596,115.275,99.25,689.575,10.376,277.09,1.833,48.5,5,2.2,457.5,386.7,4.93,126.904,295.3,1008.4,7.76,20.9,2.66,53,5
FASr_0.375Ba_0.125Pb_0.5Br_3,B-site mixed,-0.851993607,3.8749,0.007544318,0,0,0,0,1,0,0.375,0.125,0,0,0.5,0,3,0,2.53,319,354,1.1,45.057,8.6,849.1,6.5,29,2.57,91,8,1.245,1891.875,816.325,7.076,153.624,-14.5,626.675,6.461,157.813,1.633,62.25,5.625,1.96,331.85,265.95,3.12,79.904,324.6,1139.9,5.286,14.725,2.96,35,4
FABa_0.375Ge_0.25Pb_0.375Br_3,B-site mixed,-0.900703124,3.5292,0.009068434,0,0,0,0,1,0,0,0.375,0.25,0,0.375,0,3,0,2.53,319,354,1.1,45.057,8.6,849.1,6.5,29,2.57,91,8,1.196,2314.625,903.869,6.932,147.351,51.75,647.425,12.742,202.863,1.71,59.75,5.5,1.96,331.85,265.95,3.12,79.904,324.6,1139.9,5.286,14.725,2.96,35,4
FACa_0.25Sr_0.125Pb_0.625Br_3,B-site mixed,-0.884502663,3.2052,0.022118885,0,0,0,0,1,0.25,0.125,0,0,0,0.625,0,3,0,2.53,319,354,1.1,45.057,8.6,849.1,6.5,29,2.57,91,8,1.151,1910.5,783.656,7.799,150.472,8.75,663.325,6.139,166.968,1.825,61,5.375,1.96,331.85,265.95,3.12,79.904,324.6,1139.9,5.286,14.725,2.96,35,4
FABa_0.5Ge_0.125Sn_0.25Pb_0.125Br_3,B-site mixed,-0.929418282,3.3621,0.016716922,0,0,0,0,1,0,0,0.5,0.125,0.25,0.125,0,3,0,2.53,319,354,1.1,45.057,8.6,849.1,6.5,29,2.57,91,8,1.255,2399.25,853.799,5.706,133.319,33,613.3,10.376,206.718,1.478,54.75,5.5,1.96,331.85,265.95,3.12,79.904,324.6,1139.9,5.286,14.725,2.96,35,4
MASr_0.25Ba_0.25Ge_0.375Sn_0.125I_3,B-site mixed,0.10167133,2.9003,0.039358513,0,0,0,1,0,0,0.25,0.25,0.375,0.125,0,0,0,3,2.17,267,180.65,0.7,32.066,8.684,926.3,6.13,23.85,2.55,73,7,1.14,2457.875,1028.453,4.441,98.305,5.125,637.463,16.878,230.934,1.459,41.75,4.875,2.2,457.5,386.7,4.93,126.904,295.3,1008.4,7.76,20.9,2.66,53,5
MACa_0.125Sr_0.125Ba_0.125Ge_0.125Pb_0.5I_3,B-site mixed,-0.002775722,2.4996,0.071356447,0,0,0,1,0,0.125,0.125,0.125,0.125,0,0.5,0,0,3,2.17,267,180.65,0.7,32.066,8.684,926.3,6.13,23.85,2.55,73,7,1.164,2086.125,846.263,7.3,145.805,23,658.287,9.452,184.709,1.771,59.25,5.375,2.2,457.5,386.7,4.93,126.904,295.3,1008.4,7.76,20.9,2.66,53,5
MACa_0.25Ba_0.375Sn_0.25Pb_0.125Br_3,B-site mixed,-0.120733479,3.0968,0.017774231,0,0,0,1,0,0.25,0,0.375,0,0.25,0.125,0,3,0,2.17,267,180.65,0.7,32.066,8.684,926.3,6.13,23.85,2.55,73,7,1.219,2190.375,855.111,4.98,117.096,-14.5,602.625,7.533,186.072,1.365,48.75,5.25,1.96,331.85,265.95,3.12,79.904,324.6,1139.9,5.286,14.725,2.96,35,4
MACa_0.125Ge_0.375Sn_0.5Cl_3,B-site mixed,-0.20126696,3.3182,0.012319929,0,0,0,1,0,0.125,0,0,0.375,0.5,0,3,0,0,2.17,267,180.65,0.7,32.066,8.684,926.3,6.13,23.85,2.55,73,7,1.026,2822.75,845.872,5.844,91.594,86,713.813,16.591,289.881,1.859,39.5,4.5,1.81,239.18,172.17,3.214,35.453,348.8,1251.1,3.21,10.2,3.16,17,3
FACa_0.375Ge_0.375Pb_0.25I_3,B-site mixed,-0.855308691,2.6564,0.05114252,0,0,0,0,1,0.375,0,0,0.375,0,0.25,0,0,3,2.53,319,354,1.1,45.057,8.6,849.1,6.5,29,2.57,91,8,0.999,2329.75,1021.475,5.414,94.058,14,685.837,16.316,227.839,1.711,40,4.5,2.2,457.5,386.7,4.93,126.904,295.3,1008.4,7.76,20.9,2.66,53,5
CsBa_0.125Ge_0.875I_3,B-site mixed,-0.418422573,1.4026,0.158123577,0,0,1,0,0,0,0,0.125,0.875,0,0,0,0,3,1.74,944,301.54,1.87,132.905,45.49,375.7,2.092,67.74,0.79,55,6,0.939,2978.375,1185.313,5.104,80.7,98.5,729.7,28.826,310.037,1.87,35,4.25,2.2,457.5,386.7,4.93,126.904,295.3,1008.4,7.76,20.9,2.66,53,5
CsSn_0.5Pb_0.5I_3,B-site mixed,-0.62185046,0.886,0.157890436,0,0,1,0,0,0,0,0,0,0.5,0.5,0,0,3,1.74,944,301.54,1.87,132.905,45.49,375.7,2.092,67.74,0.79,55,6,1.17,2449.5,552.885,9.33,162.955,115.5,712.05,5.985,234.135,2.145,66,5.5,2.2,457.5,386.7,4.93,126.904,295.3,1008.4,7.76,20.9,2.66,53,5
CsSr_0.125Ba_0.875Br_3,B-site mixed,-0.105268893,5.0062,0.001144921,0,0,1,0,0,0,0.125,0.875,0,0,0,0,3,0,1.74,944,301.54,1.87,132.905,45.49,375.7,2.092,67.74,0.79,55,6,1.4,2025.125,1007,3.459,131.116,-66.5,508.725,8.034,139.787,0.898,53.75,5.875,1.96,331.85,265.95,3.12,79.904,324.6,1139.9,5.286,14.725,2.96,35,4
FAGe_0.5Pb_0.5Br_3,B-site mixed,-1.016067549,3.4265,0.012851351,0,0,0,0,1,0,0,0,0.5,0,0.5,0,3,0,2.53,319,354,1.1,45.057,8.6,849.1,6.5,29,2.57,91,8,1.03,2565,906.075,8.335,139.905,115,738.8,18.285,256.1,2.17,57,5,1.96,331.85,265.95,3.12,79.904,324.6,1139.9,5.286,14.725,2.96,35,4
KCa_0.875Ge_0.125I_3,B-site mixed,2.536257945,3.6456,0.010201327,1,0,0,0,0,0.875,0,0,0.125,0,0,0,0,3,1.51,1033,336.8,0.86,39.098,48.36,418.8,2.33,76.9,0.82,19,4,0.984,1925.75,1124.438,2.021,44.145,-121.5,611.337,11.439,177.124,1.126,21.5,4,2.2,457.5,386.7,4.93,126.904,295.3,1008.4,7.76,20.9,2.66,53,5
KCa_0.875Ba_0.125I_3,B-site mixed,2.578426243,3.947,0.003487524,1,0,0,0,0,0.875,0,0.125,0,0,0,0,0,3,1.51,1033,336.8,0.86,39.098,48.36,418.8,2.33,76.9,0.82,19,4,1.052,1797.125,1098.25,1.805,52.235,-143,578.937,8.465,152.861,0.986,24.5,4.25,2.2,457.5,386.7,4.93,126.904,295.3,1008.4,7.76,20.9,2.66,53,5
KSn_0.875Pb_0.125Br_3,B-site mixed,0.146624997,1.0638,0.149212565,1,0,0,0,0,0,0,0,0,0.875,0.125,0,3,0,1.51,1033,336.8,0.86,39.098,48.36,418.8,2.33,76.9,0.82,19,4,1.155,2769.375,517.061,7.815,129.771,119.625,709.462,6.896,276.311,2.006,54,5.125,1.96,331.85,265.95,3.12,79.904,324.6,1139.9,5.286,14.725,2.96,35,4
KBa_0.5Pb_0.5Br_3,B-site mixed,0.360086889,3.9776,0.004187168,1,0,0,0,0,0,0,0.5,0,0,0.5,0,3,0,1.51,1033,336.8,0.86,39.098,48.36,418.8,2.33,76.9,0.82,19,4,1.305,2050.5,801.325,7.47,172.265,29,609.2,6.39,159.05,1.61,69,6,1.96,331.85,265.95,3.12,79.904,324.6,1139.9,5.286,14.725,2.96,35,4
KCa_0.5Ba_0.5Br_3,B-site mixed,0.340058166,4.7075,0.001271626,1,0,0,0,0,0.5,0,0.5,0,0,0,0,3,0,1.51,1033,336.8,0.86,39.098,48.36,418.8,2.33,76.9,0.82,19,4,1.21,1917.5,1057,2.57,88.704,-104,546.35,8.27,147.435,0.945,38,5,1.96,331.85,265.95,3.12,79.904,324.6,1139.9,5.286,14.725,2.96,35,4
KBa_0.875Ge_0.125Cl_3,B-site mixed,3.237869445,4.5774,0.001334867,1,0,0,0,0,0,0,0.875,0.125,0,0,3,0,0,1.51,1033,336.8,0.86,39.098,48.36,418.8,2.33,76.9,0.82,19,4,1.351,2206.625,1028.188,3.806,129.24,-30.5,535.3,10.984,164.462,1.03,53,5.75,1.81,239.18,172.17,3.214,35.453,348.8,1251.1,3.21,10.2,3.16,17,3
KSr_0.125Ge_0.875Cl_3,B-site mixed,2.699937223,2.0634,0.11078047,1,0,0,0,0,0,0.125,0,0.875,0,0,3,0,0,1.51,1033,336.8,0.86,39.098,48.36,418.8,2.33,76.9,0.82,19,4,0.919,2925.5,1190.313,4.973,74.486,84,735.525,28.85,309.625,1.877,32.75,4.125,1.81,239.18,172.17,3.214,35.453,348.8,1251.1,3.21,10.2,3.16,17,3
KSr_0.875Ba_0.125Cl_3,B-site mixed,2.905863597,5.6251,0.0005448,1,0,0,0,0,0,0.875,0.125,0,0,0,3,0,0,1.51,1033,336.8,0.86,39.098,48.36,418.8,2.33,76.9,0.82,19,4,1.28,1707.875,1037,2.671,93.834,-153.5,543.675,8.176,137.313,0.942,40.25,5.125,1.81,239.18,172.17,3.214,35.453,348.8,1251.1,3.21,10.2,3.16,17,3
MACa_0.125Sn_0.875I_3,B-site mixed,0.001293236,2.7773,0.038112684,0,0,0,1,0,0.125,0,0,0,0.875,0,0,0,3,2.17,267,180.65,0.7,32.066,8.684,926.3,6.13,23.85,2.55,73,7,1.131,2736.125,580.98,6.59,108.881,86.375,693.75,7.366,273.408,1.84,46.25,4.875,2.2,457.5,386.7,4.93,126.904,295.3,1008.4,7.76,20.9,2.66,53,5
MASr_0.5Ge_0.5I_3,B-site mixed,0.11239799,3.247,0.020401655,0,0,0,1,0,0,0.5,0,0.5,0,0,0,0,3,2.17,267,180.65,0.7,32.066,8.684,926.3,6.13,23.85,2.55,73,7,1.065,2381,1126.75,3.93,80.115,-24,655.8,20,235.6,1.48,35,4.5,2.2,457.5,386.7,4.93,126.904,295.3,1008.4,7.76,20.9,2.66,53,5
MASr_0.5Sn_0.5Br_3,B-site mixed,-0.169299616,3.8585,0.007161364,0,0,0,1,0,0,0.5,0,0,0.5,0,0,3,0,2.17,267,180.65,0.7,32.066,8.684,926.3,6.13,23.85,2.55,73,7,1.205,2265.5,773.56,4.925,103.165,-23.5,629.05,7.7,213.635,1.455,44,5,1.96,331.85,265.95,3.12,79.904,324.6,1139.9,5.286,14.725,2.96,35,4
MABa_0.125Pb_0.875Br_3,B-site mixed,-0.302574192,2.7597,0.047125625,0,0,0,1,0,0,0,0.125,0,0,0.875,0,3,0,2.17,267,180.65,0.7,32.066,8.684,926.3,6.13,23.85,2.55,73,7,1.219,2029.875,650.819,10.38,198.466,89.75,688.925,5.175,173.188,2.15,78.75,6,1.96,331.85,265.95,3.12,79.904,324.6,1139.9,5.286,14.725,2.96,35,4
MACa_0.5Pb_0.5Cl_3,B-site mixed,-0.177022604,4.6971,0.003301458,0,0,0,1,0,0.5,0,0,0,0,0.5,3,0,0,2.17,267,180.65,0.7,32.066,8.684,926.3,6.13,23.85,2.55,73,7,1.095,1890,856.325,6.45,123.639,-23,652.65,6.65,166.285,1.665,51,5,1.81,239.18,172.17,3.214,35.453,348.8,1251.1,3.21,10.2,3.16,17,3
RbGe_0.875Sn_0.125I_3,B-site mixed,2.021080647,0.9505,0.160775625,0,1,0,0,0,0,0,0,0.875,0.125,0,0,0,3,1.61,961,312.63,1.532,85.468,46.89,403,2.34,69.2,0.82,37,5,0.905,3078.125,1123.203,5.569,78.373,120.125,755.413,28.725,328.809,2.004,34.25,4.125,2.2,457.5,386.7,4.93,126.904,295.3,1008.4,7.76,20.9,2.66,53,5
RbBa_0.5Sn_0.5I_3,B-site mixed,2.112593687,3.1748,0.036159547,0,1,0,0,0,0,0,0.5,0,0.5,0,0,0,3,1.61,961,312.63,1.532,85.468,46.89,403,2.34,69.2,0.82,37,5,1.285,2477,753.56,5.45,128.02,34.5,605.75,7.605,215.285,1.425,53,5.5,2.2,457.5,386.7,4.93,126.904,295.3,1008.4,7.76,20.9,2.66,53,5
RbCa_0.125Sr_0.875I_3,B-site mixed,2.031867513,4.0672,0.002906958,0,1,0,0,0,0.125,0.875,0,0,0,0,0,0,3,1.61,961,312.63,1.532,85.468,46.89,403,2.34,69.2,0.82,37,5,1.228,1667.75,1050.75,2.416,81.677,-166.5,554.538,8.241,139.121,0.956,35.75,4.875,2.2,457.5,386.7,4.93,126.904,295.3,1008.4,7.76,20.9,2.66,53,5
RbCa_0.875Sn_0.125Br_3,B-site mixed,-0.127072486,4.0906,0.003068525,0,1,0,0,0,0.875,0,0,0,0.125,0,0,3,0,1.61,961,312.63,1.532,85.468,46.89,403,2.34,69.2,0.82,37,5,1.019,1896.875,1036.14,2.27,49.907,-121.375,604.65,8.364,171.632,1.12,23.75,4.125,1.96,331.85,265.95,3.12,79.904,324.6,1139.9,5.286,14.725,2.96,35,4
RbCa_0.125Ba_0.875Br_3,B-site mixed,0.27760138,4.7052,0.001199718,0,1,0,0,0,0.125,0,0.875,0,0,0,0,3,0,1.61,961,312.63,1.532,85.468,46.89,403,2.34,69.2,0.82,37,5,1.367,2037.875,1015.75,3.335,125.174,-65,513.762,8.075,142.009,0.904,51.5,5.75,1.96,331.85,265.95,3.12,79.904,324.6,1139.9,5.286,14.725,2.96,35,4
RbSn_0.125Pb_0.875Br_3,B-site mixed,-0.170077448,1.3299,0.147696184,0,1,0,0,0,0,0,0,0,0.125,0.875,0,3,0,1.61,961,312.63,1.532,85.468,46.89,403,2.34,69.2,0.82,37,5,1.185,2129.625,588.709,10.845,196.139,111.375,714.638,5.074,191.959,2.284,78,5.875,1.96,331.85,265.95,3.12,79.904,324.6,1139.9,5.286,14.725,2.96,35,4
RbSr_0.875Ge_0.125Cl_3,B-site mixed,0.092486254,4.8659,0.001195207,0,1,0,0,0,0,0.875,0,0.125,0,0,3,0,0,1.61,961,312.63,1.532,85.468,46.89,403,2.34,69.2,0.82,37,5,1.211,1836.5,1063.188,2.888,85.744,-132,576.075,11.15,161.575,1.083,37.25,4.875,1.81,239.18,172.17,3.214,35.453,348.8,1251.1,3.21,10.2,3.16,17,3
RbCa_0.875Sr_0.125Cl_3,B-site mixed,-0.11954488,6.1673,0.000536096,0,1,0,0,0,0.875,0.125,0,0,0,0,3,0,0,1.61,961,312.63,1.532,85.468,46.89,403,2.34,69.2,0.82,37,5,1.032,1744.25,1103.25,1.674,46.021,-157.5,584.762,8.489,152.449,0.994,22.25,4.125,1.81,239.18,172.17,3.214,35.453,348.8,1251.1,3.21,10.2,3.16,17,3
RbGe_0.875Pb_0.125Cl_3,B-site mixed,-0.02932677,1.767,0.119824632,0,1,0,0,0,0,0,0,0.875,0,0.125,3,0,0,1.61,961,312.63,1.532,85.468,46.89,403,2.34,69.2,0.82,37,5,0.91,2971.5,1135.144,6.074,89.434,118.75,756.275,28.421,314.75,2.05,38.25,4.25,1.81,239.18,172.17,3.214,35.453,348.8,1251.1,3.21,10.2,3.16,17,3
CsSr_0.25Ba_0.75I_3,B-site mixed,-0.413521998,4.2362,0.00284432,0,0,1,0,0,0,0.25,0.75,0,0,0,0,0,3,1.74,944,301.54,1.87,132.905,45.49,375.7,2.092,67.74,0.79,55,6,1.38,1972.25,1012,3.327,124.903,-81,514.55,8.058,139.375,0.905,51.5,5.75,2.2,457.5,386.7,4.93,126.904,295.3,1008.4,7.76,20.9,2.66,53,5
CsCa_0.25Sr_0.5Ge_0.125Pb_0.125Br_3,B-site mixed,-0.35466972,4.0528,0.004749549,0,0,1,0,0,0.25,0.5,0,0.125,0,0.125,0,3,0,1.74,944,301.54,1.87,132.905,45.49,375.7,2.092,67.74,0.79,55,6,1.137,1908,1025.519,3.741,88.806,-94.25,606.9,10.804,171.143,1.268,38.25,4.75,1.96,331.85,265.95,3.12,79.904,324.6,1139.9,5.286,14.725,2.96,35,4
CsSr_0.125Ba_0.625Ge_0.125Sn_0.125Cl_3,B-site mixed,1.739367123,4.086,0.002179773,0,0,1,0,0,0,0.125,0.625,0.125,0.125,0,3,0,0,1.74,944,301.54,1.87,132.905,45.49,375.7,2.092,67.74,0.79,55,6,1.297,2253.5,971.077,4.14,120.699,-23.375,566.837,10.906,182.821,1.171,50,5.5,1.81,239.18,172.17,3.214,35.453,348.8,1251.1,3.21,10.2,3.16,17,3
CsSr_0.125Sn_0.875I_3,B-site mixed,-0.617064608,1.0703,0.152610678,0,0,1,0,0,0,0.125,0,0,0.875,0,0,0,3,1.74,944,301.54,1.87,132.905,45.49,375.7,2.092,67.74,0.79,55,6,1.164,2723.375,572.23,6.714,114.824,84.875,688.712,7.325,271.186,1.834,48.5,5,2.2,457.5,386.7,4.93,126.904,295.3,1008.4,7.76,20.9,2.66,53,5
CsCa_0.875Pb_0.125Br_3,B-site mixed,-0.452449142,4.2172,0.00565927,0,0,1,0,0,0.875,0,0,0,0,0.125,0,3,0,1.74,944,301.54,1.87,132.905,45.49,375.7,2.092,67.74,0.79,55,6,1.024,1790.25,1048.081,2.775,60.968,-122.75,605.512,8.06,157.574,1.166,27.75,4.25,1.96,331.85,265.95,3.12,79.904,324.6,1139.9,5.286,14.725,2.96,35,4
CsGe_0.125Sn_0.875Cl_3,B-site mixed,1.354657603,1.5434,0.119124947,0,0,1,0,0,0,0,0,0.125,0.875,0,3,0,0,1.74,944,301.54,1.87,132.905,45.49,375.7,2.092,67.74,0.79,55,6,1.115,2904.875,593.418,7.061,112.947,120.875,715.288,10.275,295.861,1.966,47.75,4.875,1.81,239.18,172.17,3.214,35.453,348.8,1251.1,3.21,10.2,3.16,17,3
CsGe_0.125Pb_0.875Cl_3,B-site mixed,1.31672076,1.9794,0.108881454,0,0,1,0,0,0,0,0,0.125,0,0.875,3,0,0,1.74,944,301.54,1.87,132.905,45.49,375.7,2.092,67.74,0.79,55,6,1.15,2158.5,677.006,10.596,190.376,111.25,721.325,8.149,197.45,2.29,75.75,5.75,1.81,239.18,172.17,3.214,35.453,348.8,1251.1,3.21,10.2,3.16,17,3
KCa_0.125Ge_0.875I_3,B-site mixed,2.481133549,1.2736,0.159361104,1,0,0,0,0,0.125,0,0,0.875,0,0,0,0,3,1.51,1033,336.8,0.86,39.098,48.36,418.8,2.33,76.9,0.82,19,4,0.886,2938.25,1199.063,4.849,68.543,85.5,740.563,28.891,311.846,1.884,30.5,4,2.2,457.5,386.7,4.93,126.904,295.3,1008.4,7.76,20.9,2.66,53,5
FACa_0.125Sr_0.375Ba_0.125Sn_0.125Pb_0.25I_3,B-site mixed,-0.900314273,2.8366,0.046923239,0,0,0,0,1,0.125,0.375,0.125,0,0.125,0.25,0,0,3,2.53,319,354,1.1,45.057,8.6,849.1,6.5,29,2.57,91,8,1.216,1965.25,868.303,5.346,121.672,-46.375,610.1,7.235,168.968,1.42,50.5,5.25,2.2,457.5,386.7,4.93,126.904,295.3,1008.4,7.76,20.9,2.66,53,5
FACa_0.25Sr_0.125Ba_0.125Ge_0.375Pb_0.125Br_3,B-site mixed,-0.766783152,3.4422,0.011878219,0,0,0,0,1,0.25,0.125,0.125,0.375,0,0.125,0,3,0,2.53,319,354,1.1,45.057,8.6,849.1,6.5,29,2.57,91,8,1.06,2323.875,1062.894,4.567,91.267,-7.75,654.225,16.68,220.905,1.525,39,4.625,1.96,331.85,265.95,3.12,79.904,324.6,1139.9,5.286,14.725,2.96,35,4
FACa_0.125Pb_0.875I_3,B-site mixed,-0.948246365,2.2573,0.123577911,0,0,0,0,1,0.125,0,0,0,0,0.875,0,0,3,2.53,319,354,1.1,45.057,8.6,849.1,6.5,29,2.57,91,8,1.166,1989.75,664.569,10.125,186.31,76.75,699.788,5.24,174.996,2.164,74.25,5.75,2.2,457.5,386.7,4.93,126.904,295.3,1008.4,7.76,20.9,2.66,53,5
MABa_0.125Sn_0.875I_3,B-site mixed,-0.002874128,2.4071,0.083523301,0,0,0,1,0,0,0,0.125,0,0.875,0,0,0,3,2.17,267,180.65,0.7,32.066,8.684,926.3,6.13,23.85,2.55,73,7,1.184,2776.25,567.23,6.845,121.037,99.375,682.887,7.301,271.599,1.826,50.75,5.125,2.2,457.5,386.7,4.93,126.904,295.3,1008.4,7.76,20.9,2.66,53,5
MABa_0.5Ge_0.5Br_3,B-site mixed,-0.061621756,4.0391,0.00592493,0,0,0,1,0,0,0,0.5,0.5,0,0,0,3,0,2.17,267,180.65,0.7,32.066,8.684,926.3,6.13,23.85,2.55,73,7,1.145,2592.5,1106.75,4.455,104.97,34,632.5,19.905,237.25,1.45,44,5,1.96,331.85,265.95,3.12,79.904,324.6,1139.9,5.286,14.725,2.96,35,4
MASr_0.5Pb_0.5Cl_3,B-site mixed,-0.167716547,4.675,0.003256911,0,0,0,1,0,0,0.5,0,0,0,0.5,3,0,0,2.17,267,180.65,0.7,32.066,8.684,926.3,6.13,23.85,2.55,73,7,1.225,1839,821.325,6.945,147.41,-29,632.5,6.485,157.4,1.64,60,5.5,1.81,239.18,172.17,3.214,35.453,348.8,1251.1,3.21,10.2,3.16,17,3
MASr_0.125Pb_0.875Cl_3,B-site mixed,-0.227779858,3.1889,0.017173477,0,0,0,1,0,0,0.125,0,0,0,0.875,3,0,0,2.17,267,180.65,0.7,32.066,8.684,926.3,6.13,23.85,2.55,73,7,1.199,1977,655.819,10.249,192.252,75.25,694.75,5.199,172.775,2.158,76.5,5.875,1.81,239.18,172.17,3.214,35.453,348.8,1251.1,3.21,10.2,3.16,17,3
FABa_0.125Ge_0.625Sn_0.25Cl_3,B-site mixed,-1.09674179,4.2857,0.001750616,0,0,0,0,1,0,0,0.125,0.625,0.25,0,3,0,0,2.53,319,354,1.1,45.057,8.6,849.1,6.5,29,2.57,91,8,1.009,2920.625,1008.717,5.601,92.225,98.75,716.325,22.676,299.055,1.857,39.5,4.5,1.81,239.18,172.17,3.214,35.453,348.8,1251.1,3.21,10.2,3.16,17,3
FACa_0.5Sn_0.5Cl_3,B-site mixed,-0.914580999,4.7003,0.002084715,0,0,0,0,1,0.5,0,0,0,0.5,0,3,0,0,2.53,319,354,1.1,45.057,8.6,849.1,6.5,29,2.57,91,8,1.075,2316.5,808.56,4.43,79.394,-17.5,649.2,7.865,222.52,1.48,35,4.5,1.81,239.18,172.17,3.214,35.453,348.8,1251.1,3.21,10.2,3.16,17,3
FASr_0.875Pb_0.125I_3,B-site mixed,-0.957162655,3.2294,0.017978334,0,0,0,0,1,0,0.875,0,0,0,0.125,0,0,3,2.53,319,354,1.1,45.057,8.6,849.1,6.5,29,2.57,91,8,1.251,1701,986.831,3.641,102.567,-133.25,570.25,7.771,142.025,1.123,43.5,5.125,2.2,457.5,386.7,4.93,126.904,295.3,1008.4,7.76,20.9,2.66,53,5
FACa_0.5Sr_0.5Cl_3,B-site mixed,-0.755501174,6.1197,0.000356528,0,0,0,0,1,0.5,0.5,0,0,0,0,3,0,0,2.53,319,354,1.1,45.057,8.6,849.1,6.5,29,2.57,91,8,1.13,1706,1077,2.045,63.849,-162,569.65,8.365,145.785,0.975,29,4.5,1.81,239.18,172.17,3.214,35.453,348.8,1251.1,3.21,10.2,3.16,17,3
FASr_0.875Sn_0.125Br_3,B-site mixed,-0.800752365,4.1233,0.003583189,0,0,0,0,1,0,0.875,0,0,0.125,0,0,3,0,2.53,319,354,1.1,45.057,8.6,849.1,6.5,29,2.57,91,8,1.246,1807.625,974.89,3.136,91.506,-131.875,569.388,8.075,156.084,1.076,39.5,5,1.96,331.85,265.95,3.12,79.904,324.6,1139.9,5.286,14.725,2.96,35,4
FACa_0.25Sr_0.125Sn_0.375Pb_0.25Cl_3,B-site mixed,-0.948185055,3.0597,0.027209608,0,0,0,0,1,0.25,0.125,0,0,0.375,0.25,3,0,0,2.53,319,354,1.1,45.057,8.6,849.1,6.5,29,2.57,91,8,1.136,2230.375,747.833,6.284,117.288,12.875,660.737,7.05,209.144,1.686,49,5,1.81,239.18,172.17,3.214,35.453,348.8,1251.1,3.21,10.2,3.16,17,3
FASr_0.5Ba_0.5Cl_3,B-site mixed,-0.991450421,6.2327,0.000218047,0,0,0,0,1,0,0.5,0.5,0,0,0,3,0,0,2.53,319,354,1.1,45.057,8.6,849.1,6.5,29,2.57,91,8,1.34,1866.5,1022,3.065,112.475,-110,526.2,8.105,138.55,0.92,47,5.5,1.81,239.18,172.17,3.214,35.453,348.8,1251.1,3.21,10.2,3.16,17,3
FABa_0.5Sn_0.375Pb_0.125Cl_3,B-site mixed,-0.981119283,3.8744,0.006294564,0,0,0,0,1,0,0,0.5,0,0.375,0.125,3,0,0,2.53,319,354,1.1,45.057,8.6,849.1,6.5,29,2.57,91,8,1.29,2370.375,765.501,5.955,139.081,33.125,606.612,7.301,201.226,1.471,57,5.625,1.81,239.18,172.17,3.214,35.453,348.8,1251.1,3.21,10.2,3.16,17,3
FASr_0.125Ba_0.125Ge_0.125Sn_0.25Pb_0.375Cl_3,B-site mixed,-1.117437421,3.7439,0.004041189,0,0,0,0,1,0,0.125,0.125,0.125,0.25,0.375,3,0,0,2.53,319,354,1.1,45.057,8.6,849.1,6.5,29,2.57,91,8,1.177,2332.625,758.461,7.515,144.572,59,672.275,9.59,215.73,1.845,59,5.375,1.81,239.18,172.17,3.214,35.453,348.8,1251.1,3.21,10.2,3.16,17,3
FACa_0.5Ge_0.5Br_3,B-site mixed,-0.807508424,4.1999,0.003868699,0,0,0,0,1,0.5,0,0,0.5,0,0,0,3,0,2.53,319,354,1.1,45.057,8.6,849.1,6.5,29,2.57,91,8,0.935,2432,1161.75,3.435,56.344,-18,675.95,20.165,244.485,1.505,26,4,1.96,331.85,265.95,3.12,79.904,324.6,1139.9,5.286,14.725,2.96,35,4
CsPbI_0.75Br_2.25,X-site mixed,-0.397200279,2.8225,0.028572357,0,0,1,0,0,0,0,0,0,0,1,0,2.25,0.75,1.74,944,301.54,1.87,132.905,45.49,375.7,2.092,67.74,0.79,55,6,1.19,2023,600.65,11.35,207.2,110,715.5,4.77,177.9,2.33,82,6,2.02,363.262,296.137,3.573,91.654,317.275,1107.025,5.904,16.269,2.885,39.5,4.25
FAGeBr_1.875Cl_1.125,X-site mixed,-1.190793643,4.1617,0.002290066,0,0,0,0,1,0,0,0,1,0,0,1.125,1.875,0,2.53,319,354,1.1,45.057,8.6,849.1,6.5,29,2.57,91,8,0.87,3107,1211.5,5.32,72.61,120,762.1,31.8,334.3,2.01,32,4,1.904,297.099,230.782,3.155,63.235,333.675,1181.6,4.507,13.028,3.035,28.25,3.625
RbSrBr_1.5Cl_1.5,X-site mixed,0.078140964,5.2058,0.000818606,0,1,0,0,0,0,1,0,0,0,0,1.5,1.5,0,1.61,961,312.63,1.532,85.468,46.89,403,2.34,69.2,0.82,37,5,1.26,1655,1042,2.54,87.62,-168,549.5,8.2,136.9,0.95,38,5,1.885,285.515,219.06,3.167,57.678,336.7,1195.5,4.248,12.462,3.06,26,3.5
KCaI_1.875Br_1.125,X-site mixed,1.681123426,4.0733,0.00263546,1,0,0,0,0,1,0,0,0,0,0,0,1.125,1.875,1.51,1033,336.8,0.86,39.098,48.36,418.8,2.33,76.9,0.82,19,4,1,1757,1112,1.55,40.078,-156,589.8,8.53,154.67,1,20,4,2.11,410.381,341.419,4.251,109.279,306.287,1057.712,6.832,18.584,2.773,46.25,4.625
FAGeI_2.25Br_0.75,X-site mixed,-1.039542237,3.1542,0.015825136,0,0,0,0,1,0,0,0,1,0,0,0,0.75,2.25,2.53,319,354,1.1,45.057,8.6,849.1,6.5,29,2.57,91,8,0.87,3107,1211.5,5.32,72.61,120,762.1,31.8,334.3,2.01,32,4,2.14,426.088,356.512,4.478,115.154,302.625,1041.275,7.142,19.356,2.735,48.5,4.75
KSrI_1.875Br_1.125,X-site mixed,1.727538758,3.9831,0.002399834,1,0,0,0,0,0,1,0,0,0,0,0,1.125,1.875,1.51,1033,336.8,0.86,39.098,48.36,418.8,2.33,76.9,0.82,19,4,1.26,1655,1042,2.54,87.62,-168,549.5,8.2,136.9,0.95,38,5,2.11,410.381,341.419,4.251,109.279,306.287,1057.712,6.832,18.584,2.773,46.25,4.625
MASnI_2.25Br_0.75,X-site mixed,-0.070427412,3.0208,0.017106856,0,0,0,1,0,0,0,0,0,1,0,0,0.75,2.25,2.17,267,180.65,0.7,32.066,8.684,926.3,6.13,23.85,2.55,73,7,1.15,2876,505.12,7.31,118.71,121,708.6,7.2,290.37,1.96,50,5,2.14,426.088,356.512,4.478,115.154,302.625,1041.275,7.142,19.356,2.735,48.5,4.75
RbGeBr_1.125Cl_1.875,X-site mixed,-0.221000604,4.2803,0.011083033,0,1,0,0,0,0,0,0,1,0,0,1.875,1.125,0,1.61,961,312.63,1.532,85.468,46.89,403,2.34,69.2,0.82,37,5,0.87,3107,1211.5,5.32,72.61,120,762.1,31.8,334.3,2.01,32,4,1.866,273.931,207.337,3.179,52.122,339.725,1209.4,3.988,11.897,3.085,23.75,3.375
RbPbI_0.75Br_2.25,X-site mixed,0.369045321,2.7389,0.034324651,0,1,0,0,0,0,0,0,0,0,1,0,2.25,0.75,1.61,961,312.63,1.532,85.468,46.89,403,2.34,69.2,0.82,37,5,1.19,2023,600.65,11.35,207.2,110,715.5,4.77,177.9,2.33,82,6,2.02,363.262,296.137,3.573,91.654,317.275,1107.025,5.904,16.269,2.885,39.5,4.25
MABaBr_0.375Cl_2.625,X-site mixed,0.016468775,5.8054,0.000617976,0,0,0,1,0,0,0,1,0,0,0,2.625,0.375,0,2.17,267,180.65,0.7,32.066,8.684,926.3,6.13,23.85,2.55,73,7,1.42,2078,1002,3.59,137.33,-52,502.9,8.01,140.2,0.89,56,6,1.829,250.764,183.893,3.202,41.009,345.775,1237.2,3.47,10.766,3.135,19.25,3.125
RbSnBr_2.625Cl_0.375,X-site mixed,-0.069379309,1.1743,0.134669695,0,1,0,0,0,0,0,0,0,1,0,0.375,2.625,0,1.61,961,312.63,1.532,85.468,46.89,403,2.34,69.2,0.82,37,5,1.15,2876,505.12,7.31,118.71,121,708.6,7.2,290.37,1.96,50,5,1.941,320.266,254.227,3.132,74.348,327.625,1153.8,5.026,14.159,2.985,32.75,3.875
RbSnI_1.5Br_1.5,X-site mixed,0.860218872,3.3328,0.010306525,0,1,0,0,0,0,0,0,0,1,0,0,1.5,1.5,1.61,961,312.63,1.532,85.468,46.89,403,2.34,69.2,0.82,37,5,1.15,2876,505.12,7.31,118.71,121,708.6,7.2,290.37,1.96,50,5,2.08,394.675,326.325,4.025,103.404,309.95,1074.15,6.523,17.813,2.81,44,4.5
MASnI_1.875Br_1.125,X-site mixed,-0.161697772,3.2052,0.010177208,0,0,0,1,0,0,0,0,0,1,0,0,1.125,1.875,2.17,267,180.65,0.7,32.066,8.684,926.3,6.13,23.85,2.55,73,7,1.15,2876,505.12,7.31,118.71,121,708.6,7.2,290.37,1.96,50,5,2.11,410.381,341.419,4.251,109.279,306.287,1057.712,6.832,18.584,2.773,46.25,4.625
FACaBr_0.375Cl_2.625,X-site mixed,-0.898192006,5.638,0.000566998,0,0,0,0,1,1,0,0,0,0,0,2.625,0.375,0,2.53,319,354,1.1,45.057,8.6,849.1,6.5,29,2.57,91,8,1,1757,1112,1.55,40.078,-156,589.8,8.53,154.67,1,20,4,1.829,250.764,183.893,3.202,41.009,345.775,1237.2,3.47,10.766,3.135,19.25,3.125
FAGeI_1.875Br_1.125,X-site mixed,-1.047854585,3.1832,0.014316965,0,0,0,0,1,0,0,0,1,0,0,0,1.125,1.875,2.53,319,354,1.1,45.057,8.6,849.1,6.5,29,2.57,91,8,0.87,3107,1211.5,5.32,72.61,120,762.1,31.8,334.3,2.01,32,4,2.11,410.381,341.419,4.251,109.279,306.287,1057.712,6.832,18.584,2.773,46.25,4.625
MASnBr_2.25Cl_0.75,X-site mixed,-0.286745893,3.8837,0.001571377,0,0,0,1,0,0,0,0,0,1,0,0.75,2.25,0,2.17,267,180.65,0.7,32.066,8.684,926.3,6.13,23.85,2.55,73,7,1.15,2876,505.12,7.31,118.71,121,708.6,7.2,290.37,1.96,50,5,1.923,308.683,242.505,3.143,68.791,330.65,1167.7,4.767,13.594,3.01,30.5,3.75
KSrBr_1.5Cl_1.5,X-site mixed,1.585768911,5.0347,0.000861798,1,0,0,0,0,0,1,0,0,0,0,1.5,1.5,0,1.51,1033,336.8,0.86,39.098,48.36,418.8,2.33,76.9,0.82,19,4,1.26,1655,1042,2.54,87.62,-168,549.5,8.2,136.9,0.95,38,5,1.885,285.515,219.06,3.167,57.678,336.7,1195.5,4.248,12.462,3.06,26,3.5
MASnBr_0.375Cl_2.625,X-site mixed,-0.332672272,4.2338,0.000793239,0,0,0,1,0,0,0,0,0,1,0,2.625,0.375,0,2.17,267,180.65,0.7,32.066,8.684,926.3,6.13,23.85,2.55,73,7,1.15,2876,505.12,7.31,118.71,121,708.6,7.2,290.37,1.96,50,5,1.829,250.764,183.893,3.202,41.009,345.775,1237.2,3.47,10.766,3.135,19.25,3.125
KSrI_1.5Br_1.5,X-site mixed,1.45197792,4.1038,0.002173217,1,0,0,0,0,0,1,0,0,0,0,0,1.5,1.5,1.51,1033,336.8,0.86,39.098,48.36,418.8,2.33,76.9,0.82,19,4,1.26,1655,1042,2.54,87.62,-168,549.5,8.2,136.9,0.95,38,5,2.08,394.675,326.325,4.025,103.404,309.95,1074.15,6.523,17.813,2.81,44,4.5
MABaI_1.125Br_1.875,X-site mixed,-0.078105372,4.6725,0.001625991,0,0,0,1,0,0,0,1,0,0,0,0,1.875,1.125,2.17,267,180.65,0.7,32.066,8.684,926.3,6.13,23.85,2.55,73,7,1.42,2078,1002,3.59,137.33,-52,502.9,8.01,140.2,0.89,56,6,2.05,378.969,311.231,3.799,97.529,313.613,1090.587,6.214,17.041,2.848,41.75,4.375
MASnI_2.625Br_0.375,X-site mixed,-0.039280319,2.9372,0.019961795,0,0,0,1,0,0,0,0,0,1,0,0,0.375,2.625,2.17,267,180.65,0.7,32.066,8.684,926.3,6.13,23.85,2.55,73,7,1.15,2876,505.12,7.31,118.71,121,708.6,7.2,290.37,1.96,50,5,2.17,441.794,371.606,4.704,121.029,298.963,1024.837,7.451,20.128,2.697,50.75,4.875
FAPbBr_2.625Cl_0.375,X-site mixed,-1.023168998,3.153,0.017784309,0,0,0,0,1,0,0,0,0,0,1,0.375,2.625,0,2.53,319,354,1.1,45.057,8.6,849.1,6.5,29,2.57,91,8,1.19,2023,600.65,11.35,207.2,110,715.5,4.77,177.9,2.33,82,6,1.941,320.266,254.227,3.132,74.348,327.625,1153.8,5.026,14.159,2.985,32.75,3.875
FASrBr_0.375Cl_2.625,X-site mixed,-1.018453553,5.8456,0.000431777,0,0,0,0,1,0,1,0,0,0,0,2.625,0.375,0,2.53,319,354,1.1,45.057,8.6,849.1,6.5,29,2.57,91,8,1.26,1655,1042,2.54,87.62,-168,549.5,8.2,136.9,0.95,38,5,1.829,250.764,183.893,3.202,41.009,345.775,1237.2,3.47,10.766,3.135,19.25,3.125
FASnBr_1.875Cl_1.125,X-site mixed,-1.156603559,3.8334,0.002901423,0,0,0,0,1,0,0,0,0,1,0,1.125,1.875,0,2.53,319,354,1.1,45.057,8.6,849.1,6.5,29,2.57,91,8,1.15,2876,505.12,7.31,118.71,121,708.6,7.2,290.37,1.96,50,5,1.904,297.099,230.782,3.155,63.235,333.675,1181.6,4.507,13.028,3.035,28.25,3.625
FACaI_1.5Br_1.5,X-site mixed,-0.828424599,4.7269,0.001535097,0,0,0,0,1,1,0,0,0,0,0,0,1.5,1.5,2.53,319,354,1.1,45.057,8.6,849.1,6.5,29,2.57,91,8,1,1757,1112,1.55,40.078,-156,589.8,8.53,154.67,1,20,4,2.08,394.675,326.325,4.025,103.404,309.95,1074.15,6.523,17.813,2.81,44,4.5
FABaBr_1.875Cl_1.125,X-site mixed,-0.922104639,5.448,0.000618923,0,0,0,0,1,0,0,1,0,0,0,1.125,1.875,0,2.53,319,354,1.1,45.057,8.6,849.1,6.5,29,2.57,91,8,1.42,2078,1002,3.59,137.33,-52,502.9,8.01,140.2,0.89,56,6,1.904,297.099,230.782,3.155,63.235,333.675,1181.6,4.507,13.028,3.035,28.25,3.625
FASnBr_0.75Cl_2.25,X-site mixed,-1.209656042,3.8191,0.003309906,0,0,0,0,1,0,0,0,0,1,0,2.25,0.75,0,2.53,319,354,1.1,45.057,8.6,849.1,6.5,29,2.57,91,8,1.15,2876,505.12,7.31,118.71,121,708.6,7.2,290.37,1.96,50,5,1.847,262.348,195.615,3.191,46.566,342.75,1223.3,3.729,11.331,3.11,21.5,3.25
FAPbBr_0.375Cl_2.625,X-site mixed,-1.189197133,3.32,0.012144092,0,0,0,0,1,0,0,0,0,0,1,2.625,0.375,0,2.53,319,354,1.1,45.057,8.6,849.1,6.5,29,2.57,91,8,1.19,2023,600.65,11.35,207.2,110,715.5,4.77,177.9,2.33,82,6,1.829,250.764,183.893,3.202,41.009,345.775,1237.2,3.47,10.766,3.135,19.25,3.125
FABaI_2.625Br_0.375,X-site mixed,-1.067593525,4.5963,0.00146961,0,0,0,0,1,0,0,1,0,0,0,0,0.375,2.625,2.53,319,354,1.1,45.057,8.6,849.1,6.5,29,2.57,91,8,1.42,2078,1002,3.59,137.33,-52,502.9,8.01,140.2,0.89,56,6,2.17,441.794,371.606,4.704,121.029,298.963,1024.837,7.451,20.128,2.697,50.75,4.875
MAPbI_1.5Br_1.5,X-site mixed,-0.175000419,2.6364,0.052301023,0,0,0,1,0,0,0,0,0,0,1,0,1.5,1.5,2.17,267,180.65,0.7,32.066,8.684,926.3,6.13,23.85,2.55,73,7,1.19,2023,600.65,11.35,207.2,110,715.5,4.77,177.9,2.33,82,6,2.08,394.675,326.325,4.025,103.404,309.95,1074.15,6.523,17.813,2.81,44,4.5
MAPbBr_2.25Cl_0.75,X-site mixed,-0.171024309,2.9657,0.022263534,0,0,0,1,0,0,0,0,0,0,1,0.75,2.25,0,2.17,267,180.65,0.7,32.066,8.684,926.3,6.13,23.85,2.55,73,7,1.19,2023,600.65,11.35,207.2,110,715.5,4.77,177.9,2.33,82,6,1.923,308.683,242.505,3.143,68.791,330.65,1167.7,4.767,13.594,3.01,30.5,3.75